blk,umean,urms,vmean,vrms,wmean,corr,fbad,p
1,-0.02233,0.19794,0.01299,0.04416,0.00118,97.2,0.0000,9.023
2,-0.02637,0.18592,0.03297,0.04654,-0.00032,97.3,0.0000,8.907
3,-0.03916,0.21421,0.04343,0.05260,-0.00118,97.3,0.0000,8.806
4,-0.02060,0.22047,0.04169,0.04514,-0.00041,96.0,0.0000,8.704
5,0.00441,0.27130,0.05083,0.05028,-0.00060,94.9,0.0029,8.615
6,-0.00539,0.19873,0.06046,0.04848,0.00002,94.0,0.0004,8.545
7,0.01137,0.24863,0.05134,0.04808,-0.00087,95.6,0.0008,8.485
8,0.01909,0.24357,0.05080,0.05014,-0.00228,95.5,0.0004,8.462
9,-0.01206,0.21843,0.04775,0.05101,0.00080,94.8,0.0000,8.439
10,-0.03039,0.24006,0.03493,0.05229,-0.00062,95.1,0.0004,8.434
11,-0.03456,0.22748,0.03078,0.05333,-0.00055,92.8,0.0008,8.441
12,-0.03217,0.23763,0.02951,0.05042,0.00023,95.4,0.0000,8.475
13,-0.03529,0.26063,0.02632,0.05489,-0.00085,95.6,0.0004,8.515
14,-0.00815,0.25317,0.01762,0.05805,-0.00107,96.0,0.0000,8.577
15,0.03923,0.28839,-0.00914,0.05640,0.00256,96.9,0.0000,8.636
16,0.03691,0.24890,-0.00118,0.05505,0.00084,96.5,0.0000,8.729
17,0.03265,0.22567,0.00566,0.04968,0.00034,96.6,0.0000,8.823
18,0.02672,0.22679,0.01574,0.05205,-0.00111,96.6,0.0000,8.924
19,0.02337,0.24118,0.01638,0.05534,-0.00018,96.6,0.0000,9.029
20,0.02161,0.22657,0.01346,0.05688,0.00006,96.0,0.0000,9.129
21,0.01933,0.21016,0.00267,0.05963,0.00132,96.4,0.0000,9.228
22,0.00500,0.20101,-0.01739,0.05554,0.00260,97.0,0.0000,9.337
23,-0.00828,0.20325,-0.02896,0.05575,-0.00018,97.3,0.0000,9.431
24,-0.00797,0.20664,-0.05007,0.05692,-0.00398,97.1,0.0000,9.521
25,-0.01648,0.20151,-0.05737,0.05875,-0.00512,97.1,0.0000,9.607
26,-0.01176,0.20736,-0.07202,0.05813,-0.00507,97.1,0.0000,9.678
27,-0.00550,0.21733,-0.07143,0.05586,-0.00742,96.8,0.0000,9.726
28,0.00111,0.21904,-0.08558,0.05836,-0.00653,96.9,0.0000,9.768
29,0.00000,0.23947,-0.11337,0.05629,-0.00720,97.3,0.0000,9.809
30,0.00420,0.22289,-0.10729,0.06079,-0.00681,97.3,0.0000,9.810
31,-0.00018,0.20915,-0.11864,0.05995,-0.00667,97.2,0.0000,9.809
32,0.00736,0.23110,-0.12625,0.06140,-0.00654,97.3,0.0000,9.803
33,-0.00785,0.22009,-0.12083,0.06025,-0.00925,97.3,0.0000,9.791
34,-0.01900,0.23545,-0.09427,0.05780,-0.00700,97.1,0.0000,9.769
35,-0.01815,0.24398,-0.10751,0.06399,-0.00694,96.8,0.0000,9.738
36,-0.00761,0.23216,-0.10003,0.06322,-0.00567,97.0,0.0000,9.689
37,-0.03690,0.22666,-0.08737,0.06349,-0.00667,97.1,0.0000,9.643
38,-0.03253,0.23621,-0.07856,0.06169,-0.00636,97.2,0.0000,9.588
39,-0.02278,0.26085,-0.06120,0.06083,-0.00622,96.8,0.0000,9.535
40,-0.00226,0.23306,-0.09434,0.05900,-0.00591,96.7,0.0000,9.499
41,-0.00522,0.24676,-0.09581,0.06988,-0.00784,96.8,0.0000,9.454
42,-0.02978,0.22592,-0.07489,0.05792,-0.00676,97.0,0.0000,9.423
43,-0.04597,0.21981,-0.05171,0.05957,-0.00597,97.2,0.0000,9.395
44,-0.03261,0.22895,-0.04801,0.06248,-0.00391,97.2,0.0000,9.369
45,-0.04758,0.24487,-0.04727,0.06442,-0.00488,97.4,0.0000,9.356
46,-0.04993,0.22945,-0.05574,0.06031,-0.00566,97.3,0.0000,9.358
47,-0.04814,0.24607,-0.01895,0.06475,-0.00318,97.2,0.0000,9.373
48,-0.04408,0.22385,-0.01044,0.06089,-0.00133,97.0,0.0000,9.391
49,-0.04999,0.19218,-0.00793,0.05696,-0.00308,96.8,0.0000,9.422
50,-0.04937,0.23846,0.00071,0.06491,-0.00315,96.8,0.0000,9.455
51,-0.03048,0.20784,0.00411,0.06074,0.00124,96.9,0.0000,9.502
52,-0.02098,0.22436,0.01117,0.06360,0.00181,97.0,0.0000,9.551
53,-0.02596,0.21645,0.03397,0.06142,-0.00037,96.9,0.0000,9.601
54,-0.04410,0.20610,0.05415,0.05940,-0.00462,96.9,0.0000,9.660
55,-0.04912,0.21559,0.04135,0.06576,-0.00509,96.7,0.0000,9.712
56,-0.03621,0.20333,0.04607,0.06091,-0.00238,96.9,0.0000,9.774
57,-0.03421,0.20839,0.04371,0.06178,-0.00153,96.9,0.0000,9.819
58,-0.04440,0.19932,0.05241,0.06212,-0.00375,96.7,0.0000,9.868
59,-0.01122,0.20073,0.03202,0.06196,-0.00113,96.9,0.0000,9.908
60,0.00093,0.20894,0.01232,0.06742,0.00038,97.0,0.0000,9.935
61,-0.01539,0.22382,0.00229,0.06955,0.00426,96.7,0.0000,9.963
62,-0.01184,0.19981,-0.01896,0.06533,0.00055,96.9,0.0000,9.972
63,-0.01666,0.21379,-0.03860,0.06475,-0.00361,96.9,0.0000,9.975
64,-0.02791,0.19992,-0.04697,0.06331,-0.00404,96.9,0.0000,9.963
65,-0.02499,0.20115,-0.05175,0.06350,-0.00422,96.6,0.0000,9.950
66,-0.02073,0.22455,-0.02964,0.06269,-0.00094,96.2,0.0000,9.910
67,-0.00941,0.20407,-0.02969,0.06384,-0.00106,96.7,0.0000,9.869
68,0.01840,0.21254,-0.03741,0.06169,-0.00123,95.9,0.0000,9.804
69,-0.00582,0.19677,-0.03902,0.06276,-0.00158,97.4,0.0000,9.726
70,-0.04047,0.18498,-0.04695,0.06058,-0.00297,97.3,0.0000,9.640
71,-0.03617,0.18376,-0.03105,0.06067,-0.00285,96.7,0.0000,9.548
72,-0.01911,0.22093,-0.00729,0.06113,0.00298,96.6,0.0000,9.444
73,-0.01643,0.21133,0.02688,0.05865,0.00345,95.4,0.0000,9.349
74,-0.02679,0.21159,0.03892,0.06105,-0.00140,95.7,0.0000,9.251
75,-0.03434,0.21443,0.03290,0.06549,-0.00081,96.1,0.0000,9.161
76,-0.04281,0.22380,0.01065,0.06519,0.00011,95.7,0.0000,9.057
77,-0.03744,0.22189,0.03458,0.06606,-0.00349,96.4,0.0000,8.961
78,-0.03349,0.22613,0.05155,0.06942,-0.00034,96.1,0.0000,8.872
79,-0.01740,0.21717,0.05367,0.05907,0.00090,95.6,0.0000,8.787
80,-0.01245,0.22299,0.05957,0.05804,0.00099,96.0,0.0000,8.707
81,-0.00966,0.22531,0.05974,0.05854,-0.00023,96.8,0.0000,8.654
82,-0.00717,0.23196,0.06275,0.06189,-0.00004,96.8,0.0000,8.620
83,-0.00926,0.23947,0.06215,0.05626,0.00083,94.8,0.0017,8.600
84,-0.01679,0.26350,0.06605,0.06786,-0.00046,94.0,0.0017,8.580
85,-0.01884,0.23679,0.06115,0.06089,0.00095,93.5,0.0008,8.585
86,-0.00931,0.21173,0.06591,0.06035,-0.00046,93.6,0.0004,8.598
87,-0.00243,0.25624,0.06053,0.06345,-0.00053,96.0,0.0025,8.626
88,0.00741,0.23429,0.06502,0.06107,-0.00183,93.5,0.0004,8.671
89,0.00620,0.24639,0.07883,0.06953,-0.00128,94.5,0.0000,8.725
90,-0.00483,0.24352,0.08282,0.06669,-0.00078,95.4,0.0004,8.794
91,0.01227,0.20882,0.07143,0.05654,-0.00233,95.2,0.0000,8.877
92,0.00733,0.19714,0.08889,0.06261,-0.00273,93.6,0.0000,8.975
93,-0.01047,0.21236,0.10505,0.06484,-0.00168,93.9,0.0000,9.069
94,-0.00260,0.21983,0.08530,0.06206,-0.00258,95.5,0.0000,9.173
95,0.02558,0.22988,0.05751,0.07074,-0.00349,94.6,0.0000,9.271
96,0.03937,0.22511,0.06335,0.06487,-0.00404,95.9,0.0000,9.377
97,0.03612,0.22577,0.04395,0.06968,-0.00336,97.0,0.0000,9.471
98,0.02712,0.23240,0.03787,0.07230,-0.00077,96.0,0.0000,9.563
99,0.01965,0.23961,0.03028,0.06904,0.00023,94.2,0.0025,9.660
100,0.00717,0.20528,0.02399,0.06767,0.00155,94.3,0.0000,9.736
101,0.00080,0.22612,0.00305,0.07047,0.00141,96.6,0.0000,9.797
102,0.00590,0.22125,-0.00643,0.07339,-0.00093,95.5,0.0000,9.854
103,0.03141,0.23714,-0.02259,0.07640,-0.00086,94.8,0.0000,9.893
104,-0.00367,0.23012,-0.03474,0.07482,-0.00195,96.0,0.0000,9.926
105,-0.02565,0.22587,-0.05209,0.07625,-0.00403,95.8,0.0000,9.928
106,-0.01981,0.20960,-0.05963,0.07281,-0.00417,96.7,0.0000,9.930
107,-0.02679,0.23553,-0.06747,0.07870,-0.00641,95.7,0.0000,9.916
108,-0.03381,0.24170,-0.06456,0.07722,-0.00642,96.7,0.0000,9.896
109,-0.03977,0.24875,-0.06056,0.07889,-0.00600,96.8,0.0000,9.863
110,-0.03737,0.26049,-0.04876,0.08226,-0.00515,96.4,0.0000,9.810
111,-0.02881,0.24257,-0.04712,0.08230,-0.00301,96.1,0.0017,9.767
112,-0.03323,0.26936,-0.04695,0.08007,-0.00430,96.3,0.0000,9.713
113,-0.03360,0.21437,-0.03360,0.07722,-0.00201,96.4,0.0004,9.654
114,-0.00577,0.25144,-0.03112,0.07325,-0.00075,95.5,0.0000,9.599
115,-0.00307,0.26758,-0.04021,0.08011,-0.00333,95.2,0.0008,9.540
116,-0.01533,0.24115,-0.03746,0.07288,-0.00245,93.5,0.0017,9.478
117,-0.01736,0.27377,-0.03297,0.07818,-0.00119,92.6,0.0017,9.424
118,-0.00923,0.24179,-0.02582,0.06966,-0.00009,91.1,0.0037,9.373
119,-0.00182,0.27846,-0.03374,0.07775,-0.00179,90.4,0.0017,9.326
120,-0.00376,0.27026,-0.03189,0.07556,-0.00145,91.2,0.0025,9.301
121,-0.00341,0.22869,-0.02781,0.06826,0.00016,90.0,0.0029,9.285
122,0.00654,0.27101,-0.00134,0.07847,0.00501,91.2,0.0042,9.271
123,-0.00182,0.27101,0.01439,0.07508,0.00529,94.5,0.0025,9.264
124,-0.00031,0.25725,0.02146,0.07458,0.00493,94.6,0.0008,9.275
125,-0.00004,0.26257,0.04211,0.07243,0.00044,93.5,0.0063,9.291
126,-0.00483,0.22967,0.04398,0.06923,0.00076,96.0,0.0000,9.315
127,-0.01322,0.21171,0.03882,0.07079,0.00222,95.9,0.0000,9.342
128,-0.00494,0.21355,0.03965,0.07238,0.00185,95.9,0.0000,9.378
129,-0.01126,0.20217,0.04184,0.06727,0.00226,96.8,0.0000,9.419
130,-0.00803,0.19743,0.05632,0.06539,0.00025,96.3,0.0000,9.468
131,-0.01496,0.18740,0.05911,0.06501,0.00020,96.1,0.0000,9.517
132,-0.00868,0.19340,0.06627,0.06740,0.00004,96.3,0.0000,9.567
133,0.00062,0.21181,0.06070,0.07034,-0.00069,96.0,0.0004,9.612
134,0.00413,0.19807,0.05587,0.07117,-0.00071,95.9,0.0004,9.652
135,0.00522,0.18868,0.05419,0.06645,-0.00112,96.6,0.0000,9.696
136,0.01943,0.19721,0.02710,0.06659,-0.00136,95.7,0.0000,9.730
137,0.02887,0.20457,0.01815,0.07094,-0.00094,95.6,0.0000,9.760
138,0.01662,0.20042,-0.00483,0.07173,0.00109,96.1,0.0000,9.771
139,0.01012,0.21277,-0.02520,0.07407,-0.00078,96.1,0.0004,9.783
140,0.00533,0.18981,-0.03556,0.06718,-0.00193,96.1,0.0000,9.779
141,0.01990,0.21376,-0.03435,0.06871,-0.00141,97.4,0.0000,9.761
142,-0.00655,0.20254,-0.02915,0.06923,-0.00023,97.0,0.0000,9.731
143,-0.01219,0.20196,-0.02099,0.06842,0.00234,96.8,0.0000,9.693
144,-0.04414,0.18859,-0.00550,0.06848,-0.00026,96.5,0.0000,9.651
145,-0.05963,0.18187,0.01433,0.06177,-0.00335,96.5,0.0000,9.591
146,-0.06073,0.18004,0.02309,0.06729,-0.00455,95.2,0.0000,9.521
147,-0.05712,0.19705,0.02805,0.06334,-0.00486,94.3,0.0000,9.450
148,-0.05250,0.19835,0.02911,0.06867,-0.00297,94.0,0.0029,9.372
149,-0.04933,0.17767,0.02811,0.06304,-0.00320,92.4,0.0004,9.287
150,-0.04208,0.18337,0.03000,0.06171,-0.00229,96.3,0.0000,9.203
151,-0.03936,0.21250,0.04741,0.06322,-0.00157,96.3,0.0000,9.124
152,-0.04171,0.18024,0.05556,0.06115,-0.00252,95.2,0.0000,9.050
153,-0.02678,0.20972,0.05615,0.06018,0.00101,95.8,0.0000,8.972
154,-0.02389,0.20411,0.06046,0.06167,0.00124,95.9,0.0000,8.905
155,-0.02479,0.20801,0.06373,0.06054,0.00073,95.6,0.0000,8.847
156,-0.00634,0.20692,0.06351,0.06045,0.00012,95.4,0.0000,8.801
157,-0.00859,0.20060,0.05972,0.05847,0.00028,94.6,0.0008,8.764
158,-0.01735,0.21218,0.04950,0.05629,0.00124,94.7,0.0000,8.743
159,0.00712,0.21875,0.03931,0.05986,-0.00098,94.7,0.0000,8.730
160,0.00671,0.19370,0.03267,0.05917,0.00159,94.4,0.0000,8.736
161,-0.00304,0.19522,0.04154,0.05853,0.00320,89.5,0.0063,8.758
162,-0.00531,0.18958,0.04108,0.06680,0.00291,91.0,0.0004,8.793
163,0.00040,0.18658,0.04139,0.05799,0.00086,95.2,0.0000,8.842
164,0.01702,0.18770,0.05411,0.06139,-0.00231,94.6,0.0004,8.896
165,0.01461,0.18856,0.05877,0.06156,-0.00400,96.2,0.0000,8.972
166,0.00933,0.16787,0.06115,0.05439,-0.00315,96.6,0.0000,9.055
167,0.00220,0.17480,0.06050,0.05656,-0.00131,96.1,0.0000,9.144
168,-0.00852,0.17571,0.06485,0.05867,0.00135,95.8,0.0000,9.243
169,-0.00383,0.17137,0.05827,0.05869,0.00036,95.6,0.0000,9.343
170,0.01330,0.16726,0.04925,0.06135,-0.00218,95.8,0.0000,9.437
171,0.08276,0.18771,0.02276,0.05905,-0.00408,95.9,0.0000,9.539
172,0.06793,0.16622,0.02356,0.06210,-0.00141,96.2,0.0000,9.646
173,0.05362,0.17056,0.03634,0.05514,-0.00170,96.6,0.0000,9.749
174,0.02638,0.16812,0.02323,0.06151,-0.00232,96.4,0.0000,9.834
175,0.00826,0.15853,0.02060,0.05683,0.00260,96.3,0.0000,9.903
176,0.00896,0.17251,0.01661,0.06149,0.00331,96.2,0.0000,9.963
177,-0.00517,0.17430,0.02416,0.06046,0.00230,96.3,0.0000,10.013
178,-0.00907,0.17089,0.01552,0.05602,0.00288,96.2,0.0000,10.046
179,-0.03225,0.15388,-0.00428,0.05931,-0.00061,96.5,0.0000,10.077
180,-0.01587,0.15809,-0.00159,0.05745,0.00121,96.3,0.0000,10.084
181,-0.00512,0.16031,0.00254,0.06054,0.00195,96.2,0.0000,10.076
182,0.01223,0.15752,0.01930,0.05595,0.00159,95.4,0.0000,10.049
183,0.00562,0.19085,0.01604,0.05678,0.00266,94.8,0.0004,10.011
184,-0.00167,0.16074,0.02456,0.05662,0.00305,95.0,0.0000,9.966
185,0.00149,0.17913,0.03113,0.05583,0.00202,94.1,0.0017,9.911
186,0.00842,0.18392,0.04055,0.05984,-0.00035,93.5,0.0013,9.837
187,0.00431,0.17250,0.05023,0.05921,-0.00055,93.1,0.0008,9.765
188,-0.00289,0.19007,0.05560,0.06174,-0.00039,93.3,0.0000,9.680
189,0.00016,0.18539,0.05745,0.05842,0.00037,92.3,0.0021,9.610
190,-0.00371,0.19233,0.06393,0.05725,-0.00001,91.7,0.0100,9.537
191,-0.00993,0.18552,0.07324,0.05657,-0.00015,89.8,0.0046,9.457
192,0.00782,0.18201,0.06798,0.05580,-0.00162,87.9,0.0083,9.377
193,0.01676,0.18378,0.06995,0.05430,-0.00389,93.1,0.0004,9.302
194,-0.00410,0.16605,0.07808,0.05847,-0.00100,95.1,0.0000,9.239
195,-0.00272,0.18484,0.08846,0.05411,-0.00213,94.2,0.0008,9.190
196,-0.00864,0.18467,0.09062,0.05481,-0.00118,94.6,0.0000,9.159
197,0.00474,0.18535,0.09623,0.05250,-0.00339,94.1,0.0013,9.142
198,-0.00726,0.18256,0.09635,0.05470,-0.00209,94.3,0.0004,9.122
199,-0.01085,0.19395,0.09788,0.05589,-0.00104,95.0,0.0000,9.101
200,-0.00494,0.17316,0.09629,0.05445,-0.00298,94.5,0.0000,9.093
201,-0.00263,0.18721,0.09041,0.05437,-0.00257,95.3,0.0000,9.096
202,0.00105,0.18405,0.08247,0.05451,-0.00292,96.4,0.0000,9.113
203,-0.01260,0.16423,0.08661,0.05683,-0.00206,96.5,0.0000,9.135
204,-0.03285,0.16138,0.07356,0.05476,-0.00152,96.5,0.0000,9.171
205,-0.04307,0.16476,0.06446,0.05779,-0.00333,96.5,0.0000,9.210
206,-0.04387,0.18786,0.05864,0.05838,-0.00299,96.3,0.0000,9.245
207,-0.04651,0.18155,0.04882,0.05510,-0.00290,96.2,0.0000,9.299
208,-0.05386,0.17004,0.04830,0.05939,-0.00520,95.9,0.0000,9.352
209,-0.05056,0.17208,0.03256,0.05490,-0.00408,95.3,0.0000,9.410
210,-0.05500,0.16451,0.00906,0.05707,-0.00343,95.1,0.0000,9.464
211,-0.06268,0.16931,-0.01969,0.05872,-0.00454,94.7,0.0000,9.516
212,-0.06958,0.18952,-0.05645,0.05279,-0.00699,93.9,0.0000,9.561
213,-0.05288,0.16604,-0.03942,0.06013,-0.00471,94.4,0.0000,9.599
214,-0.02684,0.17389,-0.03907,0.06381,-0.00457,94.9,0.0000,9.632
215,-0.01766,0.15400,-0.07152,0.05442,-0.00490,95.5,0.0000,9.651
216,-0.04152,0.14115,-0.09797,0.05198,-0.00801,95.7,0.0000,9.658
217,-0.05414,0.15274,-0.10404,0.05529,-0.00859,95.2,0.0000,9.644
218,-0.06088,0.15221,-0.09289,0.06051,-0.00711,95.1,0.0000,9.635
219,-0.03846,0.15259,-0.08897,0.04973,-0.00737,95.4,0.0000,9.606
220,-0.02756,0.14780,-0.09498,0.05261,-0.00739,94.9,0.0000,9.580
221,-0.02149,0.16161,-0.09797,0.05480,-0.00701,93.7,0.0000,9.535
222,0.00090,0.15320,-0.07651,0.05648,-0.00300,94.2,0.0000,9.481
223,-0.02156,0.14928,-0.09380,0.05472,-0.00721,94.1,0.0000,9.411
224,-0.01261,0.14275,-0.12146,0.05634,-0.00630,93.5,0.0000,9.343
225,-0.03263,0.13614,-0.10580,0.05138,-0.00782,94.5,0.0000,9.278
226,-0.02369,0.14561,-0.11379,0.05284,-0.00823,94.9,0.0000,9.211
227,-0.03702,0.14963,-0.09529,0.05501,-0.00768,95.4,0.0000,9.145
228,-0.04577,0.13962,-0.07591,0.05113,-0.00652,95.0,0.0000,9.087
229,-0.03826,0.14106,-0.08621,0.05104,-0.00579,94.0,0.0000,9.029
230,-0.02519,0.15223,-0.08624,0.05282,-0.00667,93.3,0.0000,8.973
231,-0.01296,0.14575,-0.07321,0.05341,-0.00538,93.1,0.0000,8.938
232,-0.01342,0.14624,-0.07634,0.05545,-0.00610,93.4,0.0000,8.909
233,-0.01081,0.13201,-0.08949,0.05364,-0.00415,90.9,0.0000,8.901
234,-0.00218,0.14379,-0.08672,0.05784,-0.00430,90.2,0.0000,8.894
235,-0.00597,0.14085,-0.06390,0.05417,-0.00666,93.9,0.0000,8.907
236,-0.00551,0.13460,-0.07061,0.05428,-0.00498,93.5,0.0004,8.938
237,-0.00017,0.13869,-0.06325,0.05307,-0.00427,93.3,0.0000,8.977
238,-0.00082,0.13380,-0.05370,0.05028,-0.00391,94.2,0.0000,9.024
239,0.00927,0.13784,-0.06606,0.05272,-0.00490,95.2,0.0000,9.091
240,0.01872,0.12202,-0.05776,0.05294,-0.00407,95.4,0.0000,9.159
241,0.00905,0.13929,-0.04071,0.05018,-0.00287,95.5,0.0000,9.247
242,-0.00826,0.13746,-0.04554,0.05345,-0.00279,95.2,0.0000,9.343
243,0.00137,0.12706,-0.04838,0.04927,-0.00464,95.4,0.0000,9.448
244,0.00264,0.13430,-0.06788,0.04717,-0.00481,95.6,0.0000,9.551
245,0.00969,0.12148,-0.07837,0.04626,-0.00495,95.5,0.0000,9.662
246,0.01187,0.13148,-0.07890,0.05255,-0.00569,95.4,0.0000,9.764
247,0.01030,0.12015,-0.09106,0.04959,-0.00509,95.3,0.0000,9.859
248,0.01269,0.13657,-0.10131,0.05155,-0.00621,94.7,0.0000,9.950
249,0.01893,0.13308,-0.09766,0.05939,-0.00586,94.8,0.0000,10.036
250,0.01337,0.13514,-0.09929,0.05356,-0.00726,95.2,0.0000,10.107
251,0.01446,0.14755,-0.11273,0.05002,-0.00626,94.9,0.0000,10.156
252,0.01359,0.13784,-0.11266,0.05534,-0.00745,95.3,0.0000,10.195
253,0.00605,0.13547,-0.11434,0.05098,-0.00694,95.5,0.0000,10.228
254,0.00223,0.15055,-0.11416,0.05255,-0.00767,95.4,0.0000,10.238
255,0.00327,0.14717,-0.11430,0.05030,-0.00733,95.6,0.0000,10.231
256,0.00579,0.15742,-0.11350,0.05398,-0.00767,95.3,0.0000,10.212
257,0.01453,0.17095,-0.11814,0.05710,-0.00819,95.1,0.0000,10.178
258,0.00819,0.15980,-0.09507,0.05455,-0.00613,94.8,0.0000,10.121
259,0.00211,0.17220,-0.09202,0.05269,-0.00516,95.2,0.0000,10.047
260,0.01041,0.18634,-0.08120,0.05316,-0.00624,95.5,0.0000,9.961
261,0.01235,0.18870,-0.06893,0.05537,-0.00579,95.9,0.0000,9.881
262,0.01628,0.20465,-0.07063,0.05184,-0.00544,95.9,0.0000,9.789
263,0.01752,0.20488,-0.05784,0.05683,-0.00544,96.3,0.0000,9.691
264,0.00908,0.22187,-0.05511,0.05303,-0.00518,96.4,0.0000,9.592
265,0.00668,0.23069,-0.05689,0.05222,-0.00487,96.6,0.0000,9.489
266,-0.01133,0.21946,-0.03894,0.05363,-0.00256,95.8,0.0000,9.391
267,-0.01946,0.23091,-0.02101,0.05421,-0.00146,95.4,0.0000,9.291
268,-0.00462,0.26670,-0.03274,0.05862,-0.00322,93.3,0.0000,9.198
269,0.01927,0.26904,-0.01809,0.05498,-0.00216,92.2,0.0004,9.124
270,0.00543,0.28064,0.00058,0.06059,0.00106,92.9,0.0004,9.048
271,-0.01366,0.29139,0.00928,0.06719,-0.00041,93.9,0.0000,8.986
272,-0.01760,0.27062,0.02401,0.06017,-0.00028,94.1,0.0000,8.930
273,-0.01613,0.31790,0.03624,0.06000,-0.00244,93.1,0.0000,8.888
274,-0.00213,0.29108,0.03166,0.05878,-0.00067,92.2,0.0000,8.867
275,0.00085,0.31914,0.03623,0.06200,-0.00329,91.0,0.0050,8.857
276,-0.00368,0.28519,0.04400,0.05884,-0.00305,91.4,0.0042,8.856
277,-0.02225,0.26182,0.05252,0.05899,-0.00250,93.6,0.0008,8.884
278,-0.03912,0.25478,0.05340,0.05817,-0.00313,94.8,0.0008,8.911
279,-0.04553,0.26073,0.04136,0.05746,-0.00394,95.4,0.0000,8.952
280,-0.05625,0.25741,0.03194,0.06543,-0.00484,95.5,0.0000,9.010
281,-0.00620,0.29238,0.02444,0.06471,-0.00233,94.2,0.0013,9.066
282,0.02078,0.29188,0.02782,0.05876,-0.00440,94.8,0.0004,9.122
283,0.02372,0.30126,-0.00435,0.06763,-0.00420,94.7,0.0025,9.193
284,0.01457,0.27254,-0.01734,0.07062,-0.00237,95.8,0.0004,9.258
285,-0.01132,0.26560,-0.03042,0.06978,-0.00223,96.6,0.0000,9.331
286,-0.01664,0.27873,-0.06047,0.06126,-0.00516,95.6,0.0000,9.400
287,-0.01232,0.27109,-0.06680,0.07188,-0.00573,91.5,0.0017,9.468
288,-0.01598,0.25958,-0.05549,0.07271,-0.00459,89.3,0.0000,9.520
289,-0.01401,0.27572,-0.07113,0.07280,-0.00583,91.4,0.0000,9.575
290,-0.02218,0.25077,-0.10236,0.07237,-0.00901,91.3,0.0000,9.618
291,-0.01206,0.25670,-0.10336,0.07282,-0.00899,93.4,0.0000,9.649
292,-0.00871,0.25973,-0.12182,0.07411,-0.00944,93.5,0.0000,9.662
293,-0.00863,0.26472,-0.11407,0.07452,-0.00992,91.4,0.0000,9.659
294,0.02195,0.22091,-0.07432,0.07505,-0.00673,93.8,0.0000,9.638
295,0.02650,0.24335,-0.03205,0.07630,-0.00261,95.8,0.0000,9.605
296,0.01710,0.25131,-0.02067,0.07713,0.00080,94.5,0.0000,9.568
297,0.00171,0.21369,-0.03073,0.07361,-0.00131,94.6,0.0000,9.535
298,0.00736,0.24430,-0.03064,0.07392,-0.00077,94.2,0.0013,9.491
299,0.00608,0.23400,-0.00281,0.07410,0.00078,94.3,0.0004,9.441
300,-0.00327,0.22914,0.01312,0.07748,0.00333,90.7,0.0013,9.387
301,-0.00684,0.24845,0.02815,0.07184,0.00178,91.2,0.0029,9.321
302,-0.00105,0.22450,0.03326,0.06936,-0.00022,94.0,0.0000,9.263
303,0.00406,0.23648,0.03770,0.06545,-0.00042,92.8,0.0008,9.205
304,0.00575,0.24557,0.03581,0.07253,0.00109,92.4,0.0017,9.159
305,0.00554,0.22499,0.04043,0.07207,-0.00098,93.9,0.0004,9.108
306,0.00183,0.21763,0.04714,0.06720,-0.00091,94.1,0.0008,9.079
307,0.00424,0.22174,0.04974,0.06975,-0.00223,94.0,0.0013,9.058
308,0.01010,0.20777,0.06016,0.06674,-0.00312,94.3,0.0021,9.046
309,0.02212,0.21235,0.06357,0.06376,-0.00563,95.7,0.0000,9.056
310,0.00477,0.24435,0.08102,0.06488,-0.00478,95.4,0.0000,9.076
311,-0.04308,0.23007,0.07911,0.07200,-0.00671,94.9,0.0000,9.120
312,-0.01779,0.25448,0.06708,0.07755,-0.00225,94.5,0.0000,9.161
313,-0.00429,0.25254,0.06142,0.07538,-0.00388,94.8,0.0000,9.212
314,0.00112,0.24022,0.05553,0.06918,-0.00305,93.7,0.0000,9.284
315,-0.00064,0.21441,0.05040,0.07170,-0.00261,94.3,0.0000,9.367
316,-0.01285,0.20048,0.04332,0.07510,0.00091,94.3,0.0000,9.464
317,0.00162,0.20661,0.05873,0.07396,-0.00214,94.8,0.0000,9.553
318,0.01771,0.19428,0.06607,0.07518,-0.00409,94.9,0.0000,9.663
319,0.02636,0.20100,0.06453,0.07786,-0.00608,94.6,0.0000,9.770
320,0.03754,0.19487,0.06295,0.08394,-0.00698,94.7,0.0000,9.868
321,0.04394,0.19463,0.05219,0.08664,-0.00543,94.7,0.0000,9.979
322,0.04120,0.19174,0.03849,0.08453,-0.00374,94.9,0.0000,10.083
323,0.03210,0.19267,0.01376,0.08189,-0.00225,94.7,0.0000,10.163
324,0.01551,0.19609,-0.00654,0.08658,-0.00075,94.4,0.0000,10.237
325,0.00546,0.21196,-0.03118,0.08232,-0.00045,94.4,0.0000,10.296
326,-0.00560,0.19236,-0.04418,0.07849,-0.00285,94.6,0.0000,10.336
327,-0.02495,0.18515,-0.07482,0.08125,-0.00819,95.0,0.0000,10.377
328,-0.01084,0.18606,-0.08317,0.08540,-0.00919,95.3,0.0000,10.395
329,-0.01366,0.17543,-0.10346,0.08182,-0.00930,95.4,0.0000,10.381
330,-0.00857,0.18680,-0.10286,0.07533,-0.00822,95.4,0.0000,10.350
331,0.00173,0.16531,-0.09247,0.07510,-0.00725,94.1,0.0000,10.306
332,0.01356,0.19265,-0.08805,0.07338,-0.00666,93.5,0.0000,10.245
333,0.02378,0.16812,-0.08567,0.07449,-0.00642,94.1,0.0000,10.164
334,0.01537,0.19730,-0.08584,0.07536,-0.00761,94.1,0.0000,10.075
335,0.01108,0.21004,-0.07294,0.07419,-0.00643,94.0,0.0000,9.983
336,0.01077,0.19910,-0.06619,0.07344,-0.00583,94.3,0.0000,9.879
337,-0.00102,0.19584,-0.07008,0.07842,-0.00539,94.6,0.0000,9.767
338,-0.01289,0.19264,-0.06550,0.07302,-0.00604,94.0,0.0000,9.646
339,-0.00870,0.16195,-0.07216,0.07304,-0.00614,94.4,0.0000,9.524
340,-0.00755,0.15534,-0.05843,0.07447,-0.00481,94.4,0.0000,9.403
341,-0.01325,0.17531,-0.05848,0.07600,-0.00436,94.6,0.0000,9.279
342,-0.01304,0.18571,-0.04785,0.06980,-0.00394,91.8,0.0000,9.168
343,-0.01044,0.17721,-0.04718,0.07186,-0.00322,90.7,0.0000,9.055
344,-0.01054,0.16733,-0.03897,0.06704,-0.00214,91.9,0.0000,8.956
345,-0.01347,0.18167,-0.02237,0.06657,0.00243,92.5,0.0000,8.867
346,-0.02761,0.19111,-0.00613,0.06831,0.00266,94.4,0.0000,8.789
347,-0.02052,0.19853,0.00253,0.07048,0.00307,94.6,0.0000,8.741
348,-0.01275,0.19092,-0.00296,0.06627,0.00389,93.9,0.0000,8.697
349,-0.01547,0.17889,-0.00624,0.06370,0.00378,92.8,0.0000,8.663
350,-0.03338,0.18208,0.00159,0.06436,0.00057,93.6,0.0000,8.647
351,-0.03327,0.20190,0.00635,0.06547,0.00303,93.5,0.0000,8.652
352,-0.04119,0.18623,0.00761,0.06551,0.00101,93.5,0.0000,8.677
353,-0.03599,0.21550,0.00605,0.06408,0.00081,94.1,0.0000,8.717
354,-0.03968,0.19939,0.00304,0.06273,0.00052,93.7,0.0000,8.780
355,-0.03305,0.22819,-0.00056,0.06136,0.00043,91.0,0.0037,8.840
356,-0.01198,0.20828,-0.00228,0.06287,0.00454,91.9,0.0000,8.914
357,-0.00539,0.20484,-0.01215,0.06263,0.00124,90.9,0.0000,8.992
358,-0.01370,0.17672,-0.01205,0.05955,0.00059,91.5,0.0000,9.076
359,-0.01233,0.18804,-0.02871,0.06107,-0.00149,92.3,0.0000,9.167
360,-0.00789,0.20421,-0.03611,0.05908,-0.00191,92.1,0.0000,9.263
361,0.02379,0.19933,-0.02107,0.06220,-0.00228,93.3,0.0000,9.355
362,0.02696,0.19410,-0.01526,0.05970,0.00104,92.6,0.0000,9.433
363,0.02185,0.22534,-0.02649,0.06300,0.00023,92.5,0.0013,9.499
364,0.02798,0.19386,-0.00729,0.05895,0.00039,92.5,0.0004,9.562
365,0.03050,0.20992,-0.01592,0.05707,-0.00102,89.6,0.0021,9.603
366,0.02612,0.20611,-0.01086,0.05820,-0.00060,90.5,0.0008,9.641
367,0.01330,0.18942,-0.00780,0.05527,0.00033,91.7,0.0000,9.665
368,0.01516,0.18771,0.00486,0.05597,0.00149,93.9,0.0000,9.681
369,0.00967,0.18863,0.01615,0.05186,-0.00040,93.6,0.0000,9.671
370,0.00800,0.18181,0.02219,0.05465,-0.00102,93.2,0.0000,9.651
371,0.00504,0.19459,0.02940,0.05298,-0.00034,93.4,0.0000,9.625
372,0.00403,0.16241,0.03416,0.05112,-0.00054,93.8,0.0004,9.590
373,-0.02884,0.18223,0.02339,0.05324,-0.00092,93.5,0.0000,9.546
374,-0.04660,0.17327,0.01842,0.05862,-0.00406,91.1,0.0008,9.500
375,-0.04144,0.18894,0.01360,0.05809,-0.00231,87.7,0.0013,9.449
376,-0.04634,0.18680,0.01722,0.05531,-0.00209,88.7,0.0004,9.398
377,-0.04936,0.17951,0.01430,0.05355,-0.00083,90.6,0.0004,9.346
378,-0.05929,0.19256,0.01471,0.05347,-0.00278,90.6,0.0004,9.298
379,-0.05298,0.18881,0.01066,0.05215,-0.00126,89.3,0.0004,9.254
380,-0.03481,0.18085,0.01831,0.05405,0.00118,90.0,0.0004,9.222
381,-0.01498,0.19237,0.03205,0.05387,0.00227,86.1,0.0029,9.191
382,-0.01132,0.17426,0.03857,0.05636,0.00234,82.3,0.0067,9.171
383,-0.00288,0.15382,0.04740,0.05128,0.00144,84.3,0.0037,9.167
384,0.00285,0.15975,0.05072,0.05094,-0.00013,84.8,0.0025,9.175
385,0.00999,0.15353,0.05316,0.05007,-0.00180,88.6,0.0000,9.206
386,0.01437,0.15767,0.05730,0.05114,-0.00306,91.1,0.0000,9.239
387,0.01521,0.16979,0.05486,0.04957,-0.00307,93.7,0.0000,9.299
388,0.02460,0.15655,0.06526,0.05148,-0.00496,91.7,0.0000,9.361
389,0.02554,0.17129,0.06416,0.04951,-0.00549,93.4,0.0000,9.437
390,0.02575,0.14844,0.05865,0.04957,-0.00485,93.8,0.0000,9.520
391,0.01953,0.14011,0.05494,0.04843,-0.00462,93.9,0.0000,9.612
392,0.01835,0.15175,0.04815,0.04692,-0.00466,94.0,0.0000,9.718
393,0.01406,0.14318,0.04647,0.04802,-0.00278,93.8,0.0000,9.820
394,0.01422,0.14144,0.04069,0.05038,-0.00293,93.7,0.0000,9.927
395,0.01552,0.14515,0.03383,0.04964,-0.00247,93.8,0.0000,10.028
396,0.01707,0.12904,0.02602,0.05038,-0.00160,93.7,0.0000,10.122
397,0.01419,0.14188,0.00871,0.05125,0.00083,94.2,0.0000,10.217
398,0.01365,0.13472,0.00074,0.05303,0.00133,94.3,0.0000,10.289
399,0.01642,0.13350,-0.02302,0.05154,-0.00070,94.0,0.0000,10.359
400,0.02166,0.13745,-0.04596,0.04972,-0.00391,95.2,0.0000,10.410
401,0.02790,0.15031,-0.05568,0.05554,-0.00427,94.5,0.0000,10.446
402,0.02096,0.14189,-0.06199,0.05612,-0.00417,91.8,0.0004,10.466
403,0.01791,0.14014,-0.06279,0.05172,-0.00457,93.6,0.0000,10.459
404,0.00839,0.14946,-0.06365,0.05546,-0.00402,92.6,0.0000,10.435
405,-0.03474,0.16130,-0.06605,0.05592,-0.00640,93.6,0.0000,10.394
406,-0.02679,0.13892,-0.06688,0.05043,-0.00639,94.5,0.0000,10.337
407,-0.00973,0.14746,-0.04500,0.05610,-0.00399,92.4,0.0000,10.261
408,-0.00727,0.12452,-0.03492,0.05338,-0.00165,91.3,0.0000,10.166
409,0.00198,0.13255,-0.02085,0.04968,0.00064,91.5,0.0000,10.068
410,-0.00246,0.13777,-0.01522,0.04989,0.00169,91.2,0.0000,9.949
411,0.00528,0.14498,-0.00876,0.04779,0.00259,89.7,0.0004,9.813
412,0.00929,0.13694,-0.00198,0.04646,0.00229,92.2,0.0000,9.669
413,0.01135,0.14008,-0.01175,0.04819,0.00216,89.9,0.0004,9.523
414,-0.00103,0.13280,-0.01197,0.04683,0.00293,91.6,0.0000,9.385
415,-0.01010,0.15069,-0.01683,0.05090,0.00091,91.9,0.0000,9.244
416,-0.01248,0.13980,-0.01626,0.04647,0.00114,93.4,0.0000,9.111
417,-0.01491,0.14839,-0.00238,0.04811,0.00366,93.0,0.0000,8.980
418,-0.00944,0.15394,-0.00000,0.04631,0.00350,92.9,0.0000,8.859
419,-0.00203,0.15575,-0.00061,0.04496,0.00348,92.7,0.0000,8.749
420,-0.00105,0.16683,0.01241,0.04834,0.00322,91.7,0.0017,8.654
421,-0.02836,0.15787,0.02788,0.04616,-0.00253,93.0,0.0000,8.582
422,-0.03478,0.16946,0.03787,0.05117,-0.00356,93.2,0.0000,8.524
423,-0.04061,0.15669,0.05505,0.04599,-0.00629,94.3,0.0000,8.485
424,-0.05074,0.18793,0.05859,0.04926,-0.00782,93.4,0.0004,8.473
425,-0.05393,0.18516,0.05987,0.04870,-0.00812,94.1,0.0000,8.472
426,-0.03722,0.19980,0.05278,0.05527,-0.00465,92.4,0.0017,8.479
427,-0.02129,0.19909,0.04836,0.05437,0.00039,93.9,0.0000,8.517
428,-0.01946,0.19176,0.04773,0.05256,0.00140,94.1,0.0000,8.573
429,-0.00056,0.18580,0.04169,0.05006,0.00251,93.7,0.0004,8.644
430,0.04027,0.20690,0.04858,0.05701,-0.00828,92.9,0.0008,8.717
431,0.02504,0.21227,0.02942,0.05424,-0.00376,93.0,0.0021,8.814
432,0.01510,0.19884,0.00421,0.05691,-0.00023,93.6,0.0000,8.921
433,0.01489,0.20193,-0.01825,0.05609,0.00006,94.6,0.0000,9.022
434,0.00566,0.19467,-0.03873,0.05173,-0.00227,94.8,0.0000,9.125
435,0.00093,0.20632,-0.04537,0.05447,-0.00349,94.7,0.0000,9.219
436,0.00146,0.20231,-0.04959,0.05513,-0.00389,95.1,0.0000,9.325
437,-0.00143,0.21558,-0.04868,0.05574,-0.00421,94.4,0.0000,9.413
438,0.00304,0.22297,-0.05048,0.05461,-0.00458,94.1,0.0000,9.490
439,0.00700,0.22814,-0.05355,0.05491,-0.00508,94.2,0.0000,9.560
440,0.00690,0.26356,-0.05528,0.05573,-0.00578,94.0,0.0000,9.619
441,0.00495,0.25601,-0.05333,0.06119,-0.00565,92.9,0.0004,9.659
442,0.00593,0.23549,-0.05562,0.05660,-0.00566,92.5,0.0000,9.685
443,0.01503,0.22765,-0.05427,0.05522,-0.00371,91.7,0.0000,9.700
444,0.01345,0.23030,-0.05034,0.05652,-0.00445,93.8,0.0000,9.701
445,0.00746,0.22087,-0.04668,0.05448,-0.00303,94.7,0.0000,9.700
446,0.00730,0.18256,-0.04369,0.05426,-0.00271,94.8,0.0000,9.672
447,0.01485,0.22863,-0.02761,0.05501,-0.00098,94.6,0.0000,9.633
448,0.01970,0.20373,-0.01906,0.05078,0.00032,94.9,0.0000,9.591
449,0.01200,0.22910,-0.00763,0.05178,0.00266,94.5,0.0000,9.541
450,0.00608,0.20807,0.00524,0.05485,0.00207,93.9,0.0004,9.486
451,0.01388,0.20172,0.01585,0.05418,-0.00191,94.1,0.0004,9.442
452,0.01691,0.20050,0.01998,0.05125,-0.00257,94.1,0.0000,9.387
453,0.01427,0.22136,0.02355,0.05146,-0.00327,93.8,0.0008,9.344
454,0.01313,0.20402,0.01930,0.05011,-0.00261,93.7,0.0000,9.302
455,0.02878,0.20193,0.02660,0.04864,-0.00356,94.0,0.0000,9.270
456,0.03010,0.18762,0.02604,0.04936,-0.00280,92.6,0.0000,9.253
457,0.01907,0.20198,0.03966,0.04650,-0.00591,94.3,0.0000,9.244
458,0.02208,0.20055,0.05458,0.05046,-0.00611,94.1,0.0004,9.249
459,0.02748,0.21717,0.05982,0.05029,-0.00658,94.2,0.0000,9.269
460,0.02652,0.21002,0.06214,0.05059,-0.00726,94.2,0.0000,9.299
461,0.02695,0.19199,0.07201,0.04929,-0.00768,94.3,0.0000,9.353
462,0.03542,0.19964,0.08141,0.05162,-0.00810,94.3,0.0000,9.417
463,0.03337,0.21938,0.08613,0.04936,-0.00846,94.3,0.0000,9.484
464,0.03992,0.19610,0.08292,0.05056,-0.00808,93.6,0.0000,9.568
465,0.04048,0.24775,0.07463,0.05338,-0.00923,93.7,0.0000,9.655
466,0.03749,0.21772,0.06902,0.05181,-0.00770,94.4,0.0000,9.758
467,0.03489,0.20983,0.06065,0.05001,-0.00807,94.8,0.0000,9.862
468,0.03244,0.20066,0.05178,0.05581,-0.00561,94.9,0.0000,9.969
469,0.03537,0.22644,0.04603,0.05871,-0.00670,94.9,0.0000,10.077
470,0.03522,0.23055,0.04079,0.05453,-0.00737,95.0,0.0000,10.174
471,0.02952,0.23507,0.03193,0.06337,-0.00629,94.8,0.0000,10.258
472,0.02953,0.21671,0.02476,0.05568,-0.00448,94.7,0.0000,10.340
473,0.02996,0.19662,0.01798,0.05866,-0.00259,94.9,0.0000,10.412
474,0.02199,0.20990,0.01242,0.05991,-0.00138,94.9,0.0000,10.470
475,0.02387,0.22088,0.01465,0.06098,-0.00249,94.8,0.0000,10.508
476,0.02354,0.20994,0.01207,0.06317,-0.00116,94.8,0.0000,10.531
477,0.01760,0.20993,0.00715,0.06248,-0.00134,94.6,0.0000,10.526
478,0.01210,0.20528,0.00249,0.05854,0.00080,94.5,0.0000,10.502
479,0.01146,0.21595,0.01081,0.05676,0.00003,94.5,0.0000,10.461
480,0.01387,0.25105,0.02581,0.06177,-0.00136,94.1,0.0000,10.392
481,0.01143,0.21115,0.02923,0.05691,-0.00275,93.6,0.0004,10.308
482,0.01042,0.20902,0.02434,0.05621,-0.00098,94.4,0.0000,10.214
483,0.01558,0.22640,0.03867,0.05254,-0.00390,94.2,0.0000,10.096
484,0.01518,0.20432,0.05821,0.05038,-0.00492,94.5,0.0000,9.971
485,0.01539,0.19955,0.06287,0.05099,-0.00568,95.1,0.0000,9.821
486,0.01554,0.20326,0.07205,0.04968,-0.00602,94.8,0.0000,9.672
487,0.01205,0.19590,0.07353,0.04903,-0.00612,94.6,0.0000,9.512
488,0.01192,0.17450,0.07089,0.04603,-0.00558,93.9,0.0000,9.352
489,0.02093,0.17132,0.06470,0.04422,-0.00647,94.8,0.0000,9.187
490,0.02267,0.16073,0.05979,0.04445,-0.00583,95.0,0.0000,9.043
491,0.02412,0.18633,0.06059,0.04808,-0.00638,95.2,0.0000,8.896
492,0.02311,0.20098,0.06270,0.04208,-0.00699,95.3,0.0000,8.764
493,0.01058,0.17374,0.06465,0.04202,-0.00471,95.3,0.0000,8.638
494,-0.00617,0.20039,0.06711,0.04456,-0.00189,95.1,0.0000,8.534
495,-0.00563,0.18809,0.06779,0.04885,-0.00267,94.8,0.0000,8.447
496,-0.01438,0.19683,0.06551,0.04537,-0.00208,94.3,0.0000,8.386
497,-0.01092,0.17887,0.05650,0.04791,-0.00127,94.3,0.0000,8.349
498,0.00419,0.20852,0.06106,0.04756,-0.00386,94.8,0.0000,8.322
499,-0.00027,0.20324,0.06992,0.04229,-0.00348,94.4,0.0000,8.319
500,-0.00123,0.17517,0.07396,0.04231,-0.00288,93.9,0.0000,8.339
501,-0.00393,0.18470,0.08284,0.04295,-0.00347,92.6,0.0004,8.369
502,0.02427,0.22323,0.07461,0.04398,-0.00748,93.9,0.0000,8.427
503,0.01815,0.22424,0.07003,0.04127,-0.00800,94.7,0.0000,8.490
504,0.01720,0.20407,0.06454,0.04194,-0.00608,94.5,0.0000,8.586
505,0.01451,0.18976,0.05935,0.04386,-0.00563,94.4,0.0000,8.690
506,0.01190,0.19919,0.05027,0.04610,-0.00276,94.2,0.0000,8.792
507,-0.00700,0.20006,0.03780,0.04437,-0.00061,93.9,0.0000,8.906
508,-0.01271,0.19996,0.02565,0.04422,0.00116,92.5,0.0000,9.025
509,0.00689,0.21347,-0.00328,0.04828,0.00055,92.6,0.0000,9.135
510,0.01626,0.21624,-0.01164,0.04582,-0.00079,92.2,0.0000,9.238
511,0.02566,0.21493,-0.01950,0.04531,-0.00333,92.2,0.0000,9.333
512,0.01138,0.21456,-0.00747,0.04632,-0.00058,92.4,0.0000,9.432
513,0.01361,0.20732,-0.02053,0.04640,-0.00194,92.0,0.0000,9.513
514,0.02102,0.18989,-0.03545,0.04697,-0.00346,91.1,0.0000,9.588
515,0.01972,0.21448,-0.02974,0.04856,-0.00289,90.8,0.0000,9.642
516,0.02379,0.19929,-0.03272,0.04888,-0.00234,90.2,0.0000,9.683
517,0.02366,0.21887,-0.03675,0.04978,-0.00325,90.2,0.0000,9.711
518,0.02129,0.21178,-0.02808,0.05088,-0.00213,90.6,0.0004,9.726
519,0.01856,0.20498,-0.02155,0.05322,-0.00175,89.9,0.0000,9.722
520,0.01723,0.20412,-0.01536,0.05006,-0.00121,90.9,0.0000,9.704
521,0.01355,0.18399,-0.00591,0.05040,0.00050,91.8,0.0000,9.676
522,0.01211,0.20673,0.00137,0.04915,0.00215,91.4,0.0000,9.633
523,0.00615,0.19314,0.00395,0.04822,0.00189,92.2,0.0000,9.593
524,0.00883,0.22083,0.01108,0.05425,-0.00113,90.8,0.0008,9.549
525,0.00268,0.21523,0.00616,0.04872,0.00067,91.2,0.0000,9.499
526,0.00381,0.23247,-0.00271,0.05118,0.00078,90.9,0.0000,9.451
527,0.01341,0.21917,0.00345,0.04715,-0.00081,90.2,0.0004,9.412
528,0.02461,0.20618,0.00322,0.05072,-0.00320,91.5,0.0000,9.368
529,0.01192,0.20848,0.02292,0.04841,-0.00237,91.8,0.0004,9.339
530,0.00998,0.21117,0.03533,0.04942,-0.00338,92.0,0.0000,9.311
531,0.00528,0.21420,0.04392,0.04940,-0.00358,91.4,0.0000,9.296
532,0.01566,0.21395,0.04656,0.04696,-0.00489,92.4,0.0008,9.300
533,0.01973,0.16939,0.06437,0.04581,-0.00646,92.8,0.0000,9.314
534,0.03916,0.18661,0.07033,0.04325,-0.00842,93.0,0.0000,9.345
535,0.01914,0.21287,0.04867,0.07067,-0.03236,92.3,0.0050,56.821
536,-0.00172,0.16329,-0.01430,0.04225,-0.06192,92.4,0.0000,97.374
537,-0.00236,0.19077,-0.01439,0.04540,-0.07473,92.3,0.0000,191.542
538,-0.00383,0.17664,-0.01363,0.04235,-0.06667,92.6,0.0000,244.187
539,-0.00384,0.18942,-0.01406,0.04576,-0.07471,92.7,0.0000,269.449
540,-0.00133,0.18868,-0.01666,0.04529,-0.07527,93.0,0.0000,273.920
541,-0.00650,0.18810,-0.01754,0.04720,-0.08511,93.0,0.0000,204.847
542,-0.01061,0.18802,-0.01816,0.04757,-0.07349,92.6,0.0000,184.421
543,-0.00674,0.17977,-0.01088,0.04345,-0.05984,91.6,0.0000,170.396
544,-0.00147,0.16356,-0.00873,0.03934,-0.05355,91.6,0.0000,212.723
545,0.00817,0.16725,-0.00757,0.03877,-0.04624,91.5,0.0000,216.998
546,0.00834,0.16133,-0.00674,0.03734,-0.04272,91.1,0.0013,218.521
547,0.00184,0.16448,-0.00576,0.04016,-0.04459,91.1,0.0004,214.770
548,-0.00463,0.17137,-0.00457,0.03856,-0.03628,90.9,0.0000,208.924
549,0.00495,0.17031,-0.00345,0.03776,-0.02874,91.0,0.0000,215.913
550,0.00411,0.17823,-0.00346,0.03831,-0.03031,91.1,0.0008,218.001
551,0.00411,0.18947,-0.00365,0.04045,-0.03362,89.3,0.0025,198.428
552,0.00331,0.17159,-0.00367,0.03700,-0.02584,91.4,0.0004,207.050
553,-0.00517,0.17454,-0.00259,0.03794,-0.03259,92.0,0.0000,192.163
554,-0.00604,0.16301,0.00105,0.03454,-0.02858,92.2,0.0000,214.961
555,-0.00973,0.18325,-0.00153,0.03572,-0.02940,92.1,0.0000,173.099
556,0.00114,0.17580,-0.00305,0.03684,-0.03061,91.5,0.0000,143.128
557,0.00035,0.17610,-0.00708,0.04112,-0.04487,91.5,0.0004,68.565
558,0.00027,0.18473,-0.00377,0.04088,-0.04294,90.7,0.0004,15.968
559,-0.00310,0.16214,-0.00630,0.03717,-0.04099,92.2,0.0000,29.719
560,-0.00772,0.18700,-0.01011,0.04236,-0.04963,92.7,0.0000,24.958
561,-0.00604,0.20703,-0.01353,0.04538,-0.05895,92.8,0.0000,16.065
562,-0.01422,0.18486,-0.01364,0.04631,-0.06789,91.3,0.0004,19.118
563,-0.00626,0.21030,-0.01022,0.04630,-0.05767,91.2,0.0000,19.211
564,-0.02139,0.21583,-0.01338,0.05039,-0.05867,91.0,0.0033,20.873
565,-0.03482,0.20319,-0.01517,0.04817,-0.06065,88.8,0.0042,14.125
566,-0.01841,0.22034,-0.01488,0.04860,-0.05466,89.1,0.0025,26.344
567,-0.00344,0.22372,-0.00891,0.04543,-0.05016,89.6,0.0021,28.395
568,-0.00393,0.21504,-0.00815,0.04446,-0.04576,89.9,0.0000,22.647
569,-0.00001,0.21921,-0.00725,0.04369,-0.04435,91.6,0.0000,14.719
570,-0.00114,0.21079,-0.00609,0.04154,-0.04429,92.6,0.0004,15.733
571,0.00636,0.21633,-0.01250,0.04630,-0.05208,92.3,0.0000,13.987
572,0.00051,0.24239,-0.00892,0.04820,-0.05652,92.8,0.0000,13.276
573,-0.00241,0.23929,-0.01023,0.04896,-0.05488,92.6,0.0000,5.414
574,-0.00842,0.22198,-0.01388,0.04847,-0.05899,93.0,0.0004,2.096
575,-0.00109,0.24965,-0.01723,0.05144,-0.06974,92.6,0.0000,1.512
576,0.00970,0.24421,-0.01303,0.05027,-0.05938,92.5,0.0000,0.861
577,0.00512,0.22429,-0.00975,0.04456,-0.04612,92.6,0.0000,2.430
578,0.00467,0.23065,-0.01234,0.04493,-0.05479,93.0,0.0000,1.901
579,0.00231,0.25134,-0.01327,0.05076,-0.05177,93.1,0.0000,0.477
580,0.00413,0.31934,-0.01300,0.05527,-0.05096,92.4,0.0000,0.971
581,0.00609,0.23223,0.00090,0.04260,-0.02223,93.0,0.0000,0.118
582,0.01045,0.21920,0.00103,0.03893,-0.02720,92.6,0.0000,0.000
583,0.01987,0.25714,-0.00139,0.04562,-0.01696,92.8,0.0000,0.000
584,0.03999,0.24985,0.00007,0.03862,-0.00039,93.1,0.0000,0.000
585,0.02198,0.27950,-0.00250,0.04275,0.00930,93.4,0.0000,0.037
586,0.01149,0.24421,0.00007,0.03775,0.01826,93.3,0.0000,0.125
587,0.01510,0.25520,-0.00006,0.03765,0.03280,93.6,0.0000,1.014
588,0.03000,0.22723,0.00324,0.03425,0.02978,93.5,0.0000,0.275
589,0.03533,0.26505,0.00284,0.03803,0.03100,93.5,0.0008,4.483
590,0.01894,0.27139,0.00366,0.03808,0.05632,93.7,0.0000,20.536
591,0.01699,0.23264,0.00890,0.03381,0.07676,93.7,0.0000,14.449
592,0.01060,0.22465,0.01059,0.03458,0.07182,93.6,0.0000,0.003
593,0.02833,0.24721,0.00608,0.03706,0.03564,93.0,0.0000,0.023
594,0.03721,0.23159,0.00807,0.03474,0.05167,94.0,0.0000,0.459
595,0.02991,0.25146,0.00556,0.03781,0.04592,93.7,0.0000,5.725
596,0.04265,0.20391,0.00736,0.03166,0.03378,93.0,0.0000,0.565
597,0.07205,0.24665,0.00883,0.03530,0.02770,93.1,0.0000,0.172
598,0.02839,0.20916,0.01241,0.03480,0.08228,93.6,0.0000,0.144
599,0.01372,0.26805,0.01390,0.03954,0.10596,93.2,0.0000,2.598
600,-0.00675,0.23281,0.00311,0.03570,0.06226,92.8,0.0000,2.559
601,0.03794,0.20672,0.00456,0.03349,0.03664,93.1,0.0000,13.885
602,0.04029,0.25048,0.00625,0.03769,0.03505,92.7,0.0000,46.758
603,0.04595,0.25938,0.00688,0.03974,0.03963,92.5,0.0004,10.836
604,0.03672,0.26572,0.00557,0.03976,0.04429,92.7,0.0000,0.030
605,0.03489,0.26569,0.00358,0.03947,0.02635,92.2,0.0000,0.000
606,0.01245,0.25383,-0.00025,0.04122,0.02841,91.8,0.0000,0.047
607,0.02414,0.25151,0.00127,0.04033,0.00599,92.1,0.0021,0.021
608,0.00457,0.30579,-0.00328,0.05173,-0.02287,92.1,0.0017,1.051
609,0.00880,0.26438,-0.00640,0.05009,-0.03945,92.4,0.0013,5.578
610,0.00289,0.28458,-0.01388,0.05398,-0.05834,92.3,0.0004,2.329
611,-0.00830,0.21374,-0.01372,0.04489,-0.05827,92.7,0.0000,17.478
612,0.00055,0.26989,-0.01274,0.05379,-0.06282,92.1,0.0000,0.005
613,-0.00377,0.23666,-0.01475,0.04828,-0.05721,92.0,0.0008,0.066
614,0.00234,0.21881,-0.01098,0.04509,-0.05429,92.5,0.0000,0.152
615,0.00970,0.24865,-0.00931,0.04800,-0.04967,92.2,0.0008,1.849
616,0.01469,0.23054,-0.00929,0.04638,-0.05965,92.4,0.0004,1.785
617,-0.00553,0.23784,-0.00944,0.04681,-0.04808,92.3,0.0004,0.754
618,0.00343,0.23344,-0.00933,0.04829,-0.04804,92.3,0.0000,1.499
619,0.00543,0.24933,-0.00973,0.04688,-0.03964,92.7,0.0000,0.902
620,-0.00347,0.19986,-0.00312,0.04073,-0.02861,92.4,0.0000,0.151
621,-0.00346,0.23092,0.00130,0.04333,-0.03010,92.4,0.0000,0.002
622,0.01257,0.24331,-0.00001,0.04000,0.01627,93.1,0.0000,0.000
623,0.02515,0.23752,0.00414,0.04324,0.00316,92.8,0.0000,0.011
624,0.01302,0.22972,-0.00043,0.04614,-0.02856,92.5,0.0000,0.010
625,-0.00056,0.22422,-0.00159,0.04137,-0.01318,92.7,0.0000,0.032
626,0.00657,0.20164,0.00162,0.03558,0.03460,93.1,0.0000,0.058
627,0.01224,0.22580,0.00212,0.03511,0.03308,93.1,0.0000,0.019
628,0.00413,0.21689,0.00046,0.03712,0.03184,93.2,0.0000,0.103
629,-0.01098,0.23204,-0.00206,0.03910,0.03112,92.9,0.0000,0.315
630,-0.02289,0.20628,-0.00614,0.03689,0.02105,93.3,0.0000,0.102
631,-0.01304,0.21966,-0.00088,0.04232,0.00202,92.4,0.0000,1.720
632,-0.00210,0.21762,0.00022,0.03691,0.02600,93.2,0.0000,4.003
633,0.06507,0.22562,0.00448,0.04475,-0.02649,92.2,0.0000,6.889
634,-0.03835,0.26384,-0.01486,0.05364,-0.04293,92.5,0.0000,3.156
635,-0.01561,0.21913,-0.00329,0.03972,0.00701,93.4,0.0000,2.267
636,0.00327,0.22250,0.00099,0.04014,-0.01642,93.1,0.0000,2.253
637,0.00297,0.21916,-0.00188,0.04270,-0.03171,93.4,0.0000,1.317
638,-0.00243,0.22315,-0.00780,0.04688,-0.04628,93.1,0.0000,3.823
639,-0.02035,0.26759,-0.01956,0.05592,-0.08288,92.8,0.0004,1.157
640,-0.02859,0.23961,-0.01894,0.05519,-0.08222,93.2,0.0000,3.566
641,-0.01598,0.26414,-0.01412,0.05433,-0.06553,92.9,0.0000,0.850
642,-0.00120,0.21706,-0.01066,0.04716,-0.06102,92.6,0.0004,1.010
643,0.00364,0.23336,-0.00647,0.04772,-0.04708,91.8,0.0004,0.506
644,0.00237,0.24971,-0.00585,0.04752,-0.04228,91.4,0.0004,0.539
645,0.00764,0.23604,-0.00594,0.04652,-0.03915,90.7,0.0017,0.553
646,0.00069,0.20729,-0.00502,0.04271,-0.04412,92.1,0.0013,0.790
647,0.00506,0.21629,-0.00945,0.04541,-0.04748,92.1,0.0004,0.763
648,-0.00198,0.22847,-0.00676,0.04732,-0.05078,91.0,0.0021,0.484
649,0.00065,0.27609,-0.01213,0.05191,-0.05837,91.6,0.0000,0.886
650,-0.00182,0.21485,-0.00993,0.04723,-0.05133,92.1,0.0004,1.732
651,-0.00615,0.20064,-0.01057,0.04451,-0.05674,92.8,0.0000,0.444
652,-0.00400,0.21752,-0.01397,0.04807,-0.06520,92.9,0.0000,0.714
653,0.01144,0.22154,-0.01512,0.04958,-0.07683,93.1,0.0000,0.876
654,0.00280,0.24796,-0.01728,0.05323,-0.08515,93.3,0.0000,0.921
655,0.00546,0.19158,-0.01437,0.04642,-0.07771,93.5,0.0000,0.807
656,0.00232,0.19178,-0.01527,0.04495,-0.06988,93.2,0.0000,1.970
657,0.00903,0.22317,-0.01037,0.04754,-0.05787,93.0,0.0000,0.398
658,0.01286,0.18520,-0.00352,0.03820,-0.03616,93.3,0.0000,0.143
659,0.01816,0.22451,-0.00021,0.03945,-0.02417,92.6,0.0000,3.493
660,0.01786,0.18289,0.00180,0.03482,-0.01508,92.9,0.0000,0.181
661,0.02390,0.17913,0.00136,0.03304,-0.00985,92.7,0.0004,1.360
662,0.02882,0.16509,0.00122,0.03097,-0.00689,93.7,0.0000,1.302
663,0.03439,0.18914,0.00038,0.03208,0.00023,94.3,0.0004,1.604
664,0.03071,0.19899,0.00083,0.03352,0.00085,93.6,0.0000,3.182
665,0.03047,0.20049,0.00102,0.03428,0.00829,93.1,0.0017,5.856
666,0.03658,0.19316,0.00333,0.03141,0.01572,93.9,0.0004,5.018
667,0.04015,0.19088,0.00488,0.03059,0.01845,93.7,0.0004,5.671
668,0.03132,0.17463,0.00491,0.02875,0.02543,93.8,0.0000,2.836
669,0.02909,0.18630,0.00459,0.03000,0.03078,94.1,0.0000,2.498
670,0.03245,0.17831,0.00535,0.02901,0.02173,94.2,0.0000,1.699
671,0.02044,0.18987,0.00203,0.03235,0.02433,94.5,0.0004,0.441
672,0.02460,0.18912,0.00218,0.03018,0.02663,93.8,0.0000,0.692
673,0.02586,0.17394,0.00435,0.02844,0.02133,93.6,0.0000,1.048
674,0.03481,0.20948,0.00222,0.03271,0.01366,93.4,0.0008,0.930
675,0.03428,0.18356,0.00477,0.03004,0.02238,93.5,0.0008,0.414
676,-0.02331,0.20555,-0.00253,0.03680,0.04641,93.8,0.0000,0.945
677,0.03062,0.16751,0.01360,0.02753,0.07905,92.7,0.0000,0.341
678,0.03004,0.19344,0.00586,0.03089,0.02885,92.5,0.0004,1.222
679,0.03161,0.17452,0.00530,0.02837,0.02393,93.1,0.0000,0.215
680,0.04444,0.19779,0.00515,0.03186,0.02070,93.9,0.0000,2.112
681,0.04788,0.19187,0.00724,0.03390,0.01964,92.4,0.0000,1.083
682,0.05432,0.20028,0.01070,0.03384,0.02616,92.6,0.0000,0.502
683,0.04636,0.18462,0.00841,0.03155,0.03228,93.1,0.0000,0.300
684,0.04910,0.19569,0.00731,0.03193,0.03076,92.8,0.0000,0.331
685,0.04137,0.19651,0.00659,0.03231,0.02333,93.2,0.0000,0.959
686,0.02910,0.22261,0.00481,0.03686,0.02186,92.7,0.0000,0.246
687,0.02285,0.19531,0.00313,0.03495,-0.00606,92.7,0.0000,0.741
688,0.01967,0.18749,0.00304,0.03330,-0.00853,93.0,0.0000,0.600
689,0.01880,0.19999,0.00127,0.03565,-0.01189,93.0,0.0004,0.292
690,0.01542,0.22994,0.00107,0.04065,-0.01858,91.6,0.0021,0.362
691,0.00386,0.22300,0.00354,0.03994,-0.01544,92.4,0.0000,0.453
692,0.00459,0.22930,0.00528,0.04202,-0.01963,91.9,0.0004,0.281
693,0.00319,0.19177,0.00528,0.03469,-0.00971,91.2,0.0008,0.244
694,0.01090,0.20403,0.00394,0.03800,-0.01088,91.7,0.0004,0.300
695,0.01016,0.22175,0.00247,0.03969,-0.00477,92.3,0.0000,0.235
696,0.00142,0.23024,0.00379,0.04002,-0.01271,91.6,0.0013,0.287
697,0.00205,0.23149,0.00286,0.04060,-0.01039,92.3,0.0000,0.141
698,0.00201,0.27142,-0.00080,0.04412,0.00271,93.0,0.0000,0.287
699,0.00976,0.20678,0.00040,0.03552,0.01100,93.1,0.0004,0.214
700,0.01815,0.22964,0.00179,0.03855,0.02131,93.1,0.0000,0.145
701,0.02155,0.24613,0.00200,0.03873,0.02103,93.2,0.0013,0.337
702,0.01469,0.20699,0.00460,0.03676,0.01718,93.3,0.0000,0.224
703,0.02102,0.20651,0.00119,0.03778,-0.01824,92.9,0.0000,0.332
704,0.00074,0.23159,0.00335,0.04044,-0.01926,93.0,0.0000,0.180
705,-0.00772,0.21681,0.00210,0.03981,-0.00121,93.2,0.0000,0.172
706,-0.01220,0.22771,-0.00312,0.03862,0.02643,94.1,0.0000,0.442
707,0.00019,0.23753,-0.00158,0.04017,-0.00327,94.2,0.0000,0.318
708,0.05659,0.22709,0.00663,0.03428,0.02104,93.5,0.0000,0.304
709,0.02549,0.25419,0.00213,0.04039,0.02098,93.8,0.0000,0.367
710,0.01174,0.19932,0.00259,0.03253,0.02643,94.2,0.0004,0.273
711,0.01450,0.22061,0.00215,0.03401,0.03018,94.3,0.0000,0.540
712,0.00790,0.24140,0.00120,0.03636,0.04035,94.3,0.0004,0.361
713,0.01872,0.24998,0.00240,0.03644,0.03215,93.5,0.0008,0.500
714,0.00710,0.27378,-0.00175,0.03995,0.02683,93.5,0.0000,0.705
715,0.00912,0.25272,-0.00094,0.03952,0.01687,93.5,0.0000,0.481
716,0.00904,0.24073,0.00026,0.03754,0.01447,93.2,0.0008,0.303
717,0.00997,0.27264,-0.00213,0.04450,0.01146,92.4,0.0008,0.529
718,-0.00902,0.24269,0.00188,0.03943,0.00842,93.0,0.0004,0.392
719,-0.00009,0.26538,0.00058,0.04352,0.00488,93.1,0.0004,0.408
720,0.00742,0.25071,-0.00081,0.04133,0.01318,93.4,0.0013,0.542
721,0.01104,0.22541,0.00108,0.03642,0.00563,92.8,0.0000,0.530
722,0.01037,0.26645,0.00356,0.04049,-0.00948,91.6,0.0025,0.483
723,0.00428,0.23553,0.00283,0.03981,-0.01751,91.5,0.0037,0.457
724,0.00222,0.26737,0.00175,0.04439,-0.02671,90.7,0.0033,0.306
725,-0.00600,0.25864,-0.00205,0.04493,-0.03803,90.8,0.0033,0.774
726,-0.00570,0.23338,0.00051,0.04120,-0.02921,91.6,0.0025,0.546
727,-0.00925,0.22700,-0.00186,0.04277,-0.03685,91.7,0.0008,0.678
728,-0.00405,0.24793,-0.00400,0.04627,-0.04601,91.7,0.0008,0.411
729,-0.00231,0.25358,-0.00609,0.04617,-0.04199,91.3,0.0037,0.297
730,0.00658,0.26858,-0.00230,0.04615,-0.03947,90.6,0.0054,0.431
731,0.00633,0.25201,-0.00150,0.04508,-0.03472,91.0,0.0079,0.639
732,0.00310,0.22320,-0.00093,0.04051,-0.03121,91.6,0.0029,0.490
733,0.00672,0.25151,-0.00185,0.04442,-0.03804,91.9,0.0013,0.539
734,0.00450,0.22029,-0.00362,0.04027,-0.02967,91.9,0.0017,0.352
735,0.00929,0.20873,-0.00159,0.03868,-0.02318,92.1,0.0004,0.375
736,0.01257,0.20634,0.00368,0.03576,-0.01467,92.1,0.0021,0.313
737,0.01001,0.23650,0.00401,0.03991,-0.01013,92.1,0.0004,0.255
738,0.02094,0.21584,0.00357,0.03636,-0.00713,92.5,0.0000,0.294
739,0.02526,0.19273,0.00157,0.03360,0.00212,93.7,0.0000,0.204
740,0.03373,0.19334,0.00395,0.03199,0.00922,93.9,0.0000,0.139
741,0.03360,0.22808,0.00208,0.03543,0.01457,93.5,0.0008,0.200
742,0.03294,0.20623,0.00289,0.03446,0.01489,93.6,0.0000,0.099
743,0.02263,0.22686,0.00106,0.03463,0.02419,93.8,0.0000,0.192
744,0.02378,0.22112,0.00284,0.03430,0.02945,94.0,0.0000,0.155
745,0.03416,0.19634,0.00568,0.03063,0.03428,94.4,0.0000,0.195
746,0.01264,0.19960,0.00282,0.03196,0.03862,94.1,0.0000,0.244
747,0.02858,0.19077,0.00532,0.03106,0.04489,94.2,0.0000,0.319
748,0.04568,0.20020,0.01044,0.03110,0.04943,93.8,0.0000,0.551
749,0.03573,0.21695,0.00813,0.03349,0.05088,94.0,0.0000,0.319
750,0.04314,0.20359,0.01102,0.03149,0.05694,94.5,0.0000,0.408
751,0.04069,0.21779,0.01035,0.03334,0.05702,94.2,0.0000,0.398
752,0.04055,0.20792,0.01178,0.03336,0.06618,93.8,0.0000,0.456
753,0.04937,0.23357,0.01277,0.03591,0.06476,93.8,0.0000,0.542
754,0.04815,0.22712,0.01135,0.03492,0.05500,94.1,0.0000,0.273
755,0.05103,0.22242,0.01176,0.03498,0.05371,94.1,0.0000,0.342
756,0.04143,0.25843,0.00783,0.03750,0.05224,93.8,0.0000,0.506
757,0.03063,0.24192,0.00415,0.03784,0.03927,93.9,0.0000,0.407
758,0.02147,0.24961,0.00413,0.03948,0.04127,93.5,0.0004,0.424
759,0.01868,0.24645,0.00234,0.03872,0.03445,93.7,0.0000,0.528
760,0.01398,0.26008,-0.00027,0.04269,0.02598,93.4,0.0000,0.448
761,0.01007,0.30262,-0.00183,0.04663,0.01499,92.7,0.0000,0.272
762,-0.00182,0.26488,-0.00128,0.04453,0.00826,92.5,0.0017,0.376
763,-0.00043,0.27478,-0.00050,0.04693,0.01078,92.4,0.0008,0.496
764,0.00750,0.31315,-0.00311,0.04993,0.00290,92.0,0.0025,0.578
765,0.00609,0.31688,-0.00063,0.05238,-0.01676,91.5,0.0017,0.894
766,0.00781,0.33658,-0.00184,0.05432,-0.01170,91.4,0.0013,0.476
767,0.00378,0.28754,-0.00048,0.04940,-0.00986,91.7,0.0025,0.501
768,-0.00364,0.30462,-0.00241,0.05116,-0.03085,92.4,0.0013,0.366
769,0.00931,0.32414,-0.00394,0.05685,-0.00820,93.0,0.0008,0.498
770,0.00850,0.30989,-0.01192,0.05638,-0.06049,92.9,0.0000,0.359
771,-0.01003,0.30136,-0.00583,0.05492,-0.03367,93.0,0.0004,0.249
772,0.00119,0.30163,-0.00008,0.05101,-0.00982,92.1,0.0000,0.295
773,0.00979,0.29321,-0.00076,0.04732,0.00607,92.7,0.0004,0.332
774,0.02418,0.28771,0.00102,0.04892,-0.00799,92.5,0.0000,0.322
775,0.01693,0.29297,0.00145,0.05064,-0.01213,92.8,0.0000,0.778
776,-0.00180,0.29364,-0.00368,0.05428,-0.02667,92.4,0.0017,0.788
777,0.00148,0.32916,-0.00526,0.05663,-0.02382,92.4,0.0017,0.447
778,0.01510,0.33655,-0.00200,0.05902,-0.01233,92.3,0.0013,0.480
779,0.02141,0.36825,-0.00244,0.05975,0.00024,93.4,0.0000,0.452
780,-0.00084,0.41189,-0.00926,0.06552,0.01018,93.7,0.0021,0.462
781,0.00158,0.38890,-0.00694,0.06588,0.00849,93.4,0.0025,0.382
782,-0.01027,0.42945,-0.01074,0.07170,-0.01110,92.7,0.0017,0.449
783,-0.03419,0.47339,-0.02544,0.08161,-0.04102,92.6,0.0021,0.475
784,-0.01114,0.51356,-0.01895,0.08333,-0.05123,93.0,0.0021,0.508
785,-0.00886,0.47010,-0.02374,0.08298,-0.06653,91.4,0.0058,0.644
786,-0.13091,0.52022,-0.06644,0.10537,-0.15309,91.4,0.0083,0.517
787,-0.29488,0.64250,-0.11580,0.12151,-0.19424,90.3,0.0254,0.481
788,-0.11634,0.72163,-0.00075,0.11819,0.20765,92.9,0.0013,0.530
789,0.04182,0.70838,-0.08043,0.12871,-0.32236,88.8,0.0404,0.642
790,0.08366,0.66196,-0.03558,0.11444,-0.13543,91.6,0.0150,0.604
791,-0.13139,0.59050,-0.10798,0.11905,-0.32125,88.4,0.0508,0.430
792,-0.39067,0.80897,-0.09825,0.14122,-0.01777,91.4,0.0204,0.462
793,-0.21997,0.69876,-0.08706,0.11758,-0.13395,91.3,0.0217,0.847
794,0.07038,0.70973,-0.00836,0.11628,0.02301,92.4,0.0104,0.682
795,-0.09490,0.75154,-0.04467,0.12860,-0.03880,92.1,0.0158,0.873
796,0.03874,0.68644,-0.02180,0.11183,-0.03689,92.9,0.0050,0.891
797,0.04996,0.73879,-0.00836,0.11560,0.06503,93.5,0.0021,1.257
798,-0.01144,0.67265,-0.01379,0.10574,0.06519,93.2,0.0029,1.433
799,-0.05423,0.67089,-0.02286,0.10487,0.04558,92.2,0.0096,1.692
800,-0.21394,0.75630,-0.02768,0.11745,0.16681,93.0,0.0033,2.337
801,-0.15137,0.68093,-0.02912,0.11477,0.05277,91.4,0.0108,2.031
802,-0.25948,0.73256,-0.04213,0.13226,0.09825,91.8,0.0071,1.801
803,-0.14726,0.73390,-0.04866,0.12879,-0.00463,90.6,0.0321,2.027
804,-0.32371,0.81870,-0.05691,0.13198,0.10937,90.8,0.0112,2.117
805,0.01274,0.67043,0.04302,0.10552,0.34390,93.6,0.0033,2.646
806,0.04950,0.66802,0.02713,0.10531,0.22679,93.9,0.0029,2.643
807,0.01519,0.64579,-0.00582,0.10178,0.07822,93.8,0.0013,2.222
808,0.02817,0.59825,-0.01623,0.09852,-0.03385,92.9,0.0029,2.648
809,0.06046,0.59874,-0.00756,0.09464,0.00983,93.7,0.0033,2.407
810,-0.01021,0.67756,-0.02455,0.10342,-0.02094,93.1,0.0067,3.066
811,-0.00468,0.66827,-0.02538,0.10903,-0.02721,92.9,0.0096,2.581
812,0.01137,0.62232,-0.01168,0.09535,0.03801,93.5,0.0058,3.465
813,-0.02777,0.62210,-0.01913,0.09866,0.02347,93.2,0.0063,2.995
814,-0.01982,0.58371,-0.01720,0.09092,0.01136,93.1,0.0054,3.183
815,0.05948,0.55442,-0.00178,0.08655,0.02334,93.0,0.0063,2.959
816,0.01037,0.64681,-0.02079,0.09752,-0.02790,92.2,0.0092,3.638
817,0.05414,0.55487,-0.00048,0.08174,0.04632,93.4,0.0025,3.250
818,-0.00731,0.63173,0.00050,0.09215,0.11906,94.2,0.0021,3.418
819,0.10030,0.53743,0.03043,0.07581,0.17701,95.2,0.0004,3.423
820,0.06265,0.56358,0.00639,0.08506,0.07569,94.1,0.0025,3.400
821,0.03281,0.57096,0.00713,0.08790,0.12170,94.6,0.0033,2.915
822,0.04361,0.54413,-0.02636,0.09079,-0.08949,93.2,0.0067,3.716
823,0.03556,0.55829,-0.02450,0.09017,-0.07464,92.6,0.0071,3.470
824,0.00841,0.55742,-0.02729,0.09038,-0.08142,92.2,0.0096,3.392
825,-0.06059,0.57273,-0.05060,0.10184,-0.11981,92.0,0.0088,3.506
826,0.02374,0.52243,-0.02476,0.09131,-0.09123,92.4,0.0046,3.596
827,-0.01186,0.46436,-0.01910,0.07981,-0.06457,93.0,0.0017,3.145
828,0.00835,0.51765,-0.01868,0.08882,-0.05509,92.2,0.0017,3.541
829,-0.00623,0.52874,-0.01681,0.08474,-0.03029,92.9,0.0050,3.485
830,-0.00914,0.60373,-0.03024,0.09773,-0.09010,91.9,0.0108,2.705
831,-0.01920,0.50496,-0.03388,0.09260,-0.11381,91.8,0.0112,3.515
832,-0.02660,0.53499,-0.02484,0.08676,-0.05933,92.6,0.0075,3.265
833,-0.05698,0.48885,-0.02928,0.08590,-0.05770,93.0,0.0046,2.818
834,0.09938,0.52507,0.00592,0.07990,0.00560,93.6,0.0021,3.693
835,0.04326,0.50589,0.00439,0.07840,0.05714,94.4,0.0017,4.277
836,0.01335,0.49800,0.00972,0.07633,0.13494,95.2,0.0017,2.910
837,0.01895,0.53565,0.01735,0.08358,0.15556,94.7,0.0004,4.547
838,0.12201,0.44376,0.05253,0.06744,0.25058,94.8,0.0008,3.447
839,0.02117,0.52547,-0.00037,0.08856,0.04294,94.1,0.0050,3.781
840,-0.03300,0.46432,-0.01904,0.08186,-0.06888,93.7,0.0042,3.849
841,0.00348,0.44353,-0.00996,0.07044,-0.01903,94.0,0.0029,3.857
842,0.01920,0.51133,-0.00803,0.07839,-0.01057,93.8,0.0029,4.693
843,-0.06434,0.47584,-0.01573,0.08071,0.02335,93.7,0.0029,3.467
844,-0.23859,0.41673,-0.08251,0.09690,-0.17017,91.9,0.0104,3.595
845,-0.24365,0.43440,-0.03484,0.08553,0.07726,94.0,0.0058,3.540
846,-0.14407,0.50789,-0.00195,0.07688,0.19406,95.4,0.0017,3.039
847,0.16270,0.42363,0.03184,0.05786,0.11621,95.4,0.0000,3.995
848,0.03841,0.45601,-0.00229,0.06865,0.02594,94.4,0.0013,2.764
849,0.05051,0.43114,-0.00006,0.06401,0.02270,93.5,0.0004,3.105
850,0.00657,0.40272,0.00197,0.06069,0.06009,93.8,0.0013,2.079
851,0.09168,0.40204,0.01817,0.05896,0.04626,94.4,0.0000,3.343
852,0.02796,0.47077,-0.00823,0.07386,-0.03001,93.3,0.0042,3.305
853,-0.00309,0.49212,-0.01315,0.08086,-0.04171,93.9,0.0021,3.107
854,-0.00053,0.44513,-0.00625,0.06823,0.00849,93.7,0.0037,3.019
855,-0.04437,0.48980,-0.02203,0.08315,-0.03806,93.1,0.0046,2.637
856,-0.20720,0.49505,-0.07309,0.09693,-0.12158,92.4,0.0125,2.331
857,-0.13722,0.51369,-0.03911,0.08736,-0.04862,93.4,0.0063,3.001
858,0.02111,0.45559,-0.00615,0.07204,-0.02888,93.6,0.0033,2.180
859,-0.01718,0.49079,-0.01623,0.07669,-0.05542,93.2,0.0046,2.808
860,-0.02195,0.48451,-0.03472,0.08745,-0.12475,92.5,0.0067,2.858
861,-0.02006,0.47398,-0.02197,0.08066,-0.08032,92.1,0.0029,2.306
862,-0.05077,0.51665,-0.02806,0.08925,-0.07437,92.6,0.0079,3.051
863,-0.09989,0.56067,-0.03729,0.09149,-0.05019,93.0,0.0096,2.921
864,-0.03468,0.46282,-0.02545,0.08265,-0.06960,93.4,0.0037,2.471
865,0.04325,0.46459,-0.01556,0.07585,-0.03933,93.4,0.0025,2.367
866,0.07458,0.47137,0.00361,0.07127,0.04934,93.4,0.0013,1.859
867,0.00173,0.47876,0.00282,0.07211,0.09232,94.8,0.0000,2.299
868,-0.08800,0.49334,-0.01219,0.08625,0.06908,94.3,0.0033,2.523
869,-0.15189,0.52053,-0.02948,0.08790,-0.00126,93.5,0.0042,1.971
870,-0.10999,0.50138,-0.02148,0.07381,0.03315,93.7,0.0042,2.163
871,-0.02461,0.52242,-0.02378,0.08397,-0.07089,92.6,0.0092,2.473
872,0.03561,0.47393,-0.00995,0.07579,-0.04500,92.6,0.0037,2.553
873,-0.07901,0.50767,-0.03127,0.08567,-0.06303,92.3,0.0079,1.970
874,-0.03296,0.59879,-0.03230,0.09551,-0.08020,92.4,0.0092,2.317
875,0.03103,0.43485,-0.02990,0.08163,-0.15681,92.3,0.0033,2.250
876,-0.00147,0.35818,0.00708,0.33747,-0.07097,77.6,0.2200,53.095
877,0.00503,0.08640,0.00873,0.38658,-0.00516,82.3,0.0654,30.293
878,0.01476,0.08644,0.00663,0.38430,-0.00372,80.9,0.0750,2.680
879,0.01647,0.08262,0.03676,0.39318,-0.00764,82.2,0.0712,0.042
880,0.02516,0.07912,0.03107,0.38017,-0.00039,87.6,0.0229,0.024
881,-0.00403,0.08346,0.06723,0.30039,0.00126,84.6,0.0312,0.077
882,0.01610,0.08152,0.03815,0.35589,-0.00200,80.7,0.0612,0.110
883,-0.00337,0.08576,0.07891,0.35493,-0.00048,79.3,0.0800,0.599
884,-0.01198,0.09573,0.16282,0.31803,0.00241,79.7,0.0338,23.875
885,0.04476,0.07988,0.06906,0.31281,0.02072,78.6,0.0437,16.003
886,0.02740,0.08092,0.05011,0.33343,0.00955,77.8,0.0721,33.564
887,0.01701,0.07633,0.00754,0.35111,-0.00393,77.9,0.1183,17.598
888,-0.00119,0.07498,0.02887,0.30202,-0.00251,70.7,0.4617,30.060
889,-0.01463,0.07802,0.08742,0.29067,-0.00125,81.4,0.0842,16.375
890,-0.03597,0.08149,0.08604,0.32829,-0.01426,82.6,0.0213,161.816
891,0.00538,0.07680,0.00045,0.26784,-0.00384,60.5,0.8283,318.557
892,0.00525,0.06908,0.01473,0.26840,-0.01062,67.3,0.5921,318.584
893,0.00685,0.07333,0.00618,0.29826,-0.00401,68.8,0.5375,318.615
894,0.00281,0.07500,0.00996,0.27016,0.00010,62.5,0.7508,318.615
895,0.00301,0.07290,0.01752,0.26328,-0.00442,63.2,0.7154,318.615
896,0.00055,0.07598,0.02506,0.26775,0.00203,61.8,0.7408,298.565
897,0.00008,0.07527,0.00769,0.28785,-0.00490,57.7,0.8767,236.992
898,-0.00970,0.07810,0.01789,0.29292,-0.00498,56.9,0.8508,291.519
899,-0.00940,0.08229,0.03209,0.24867,0.00530,53.9,0.9308,281.983
900,-0.01381,0.08216,0.03525,0.29815,-0.00353,60.5,0.7600,224.649
901,-0.00100,0.08165,0.02473,0.31554,0.00323,62.9,0.6667,61.491
902,0.01411,0.07535,0.00874,0.30876,-0.00016,63.5,0.6525,3.226
903,0.02199,0.08255,-0.01566,0.33840,0.00749,64.8,0.6275,8.274
904,0.00581,0.07746,-0.00869,0.31563,-0.00133,59.7,0.7708,21.020
905,-0.04165,0.15671,0.08320,0.20126,0.05289,60.6,0.7479,6.212
906,-0.03196,0.14557,0.12104,0.19554,0.05854,73.3,0.3546,25.395
907,-0.04440,0.16043,0.11081,0.19934,0.05190,79.1,0.2304,32.587
908,-0.02746,0.15483,0.09544,0.17202,0.05729,68.9,0.4417,62.835
909,-0.03216,0.15102,0.08425,0.17021,0.06020,49.9,0.9504,121.359
910,-0.04446,0.21162,0.08453,0.19979,0.04753,54.5,0.7829,156.001
911,-0.03915,0.29412,0.06669,0.24249,0.06200,44.8,0.9150,154.160
912,0.08099,0.23401,-0.02431,0.28776,-0.02976,80.0,0.2171,224.375
913,0.09115,0.43090,0.00551,0.36464,-0.03153,76.5,0.2650,137.381
914,0.08290,0.44735,-0.01907,0.36615,-0.02489,61.2,0.6188,156.678
915,0.11596,1.87098,-0.07555,1.43968,0.06355,42.9,0.8058,197.632
916,-0.04658,2.25384,-0.26068,2.18201,0.10966,29.4,0.9992,204.097
917,0.32082,3.08600,-0.03559,2.35985,0.06933,41.0,0.9613,209.547
918,-0.05748,2.60292,0.22935,1.55790,-0.06003,53.2,0.8462,201.790
919,0.56142,2.49427,0.40536,1.45540,-0.01623,53.3,0.8708,168.181
920,-0.51537,2.24673,-1.00411,1.84923,0.16090,73.6,0.3596,131.939
921,-0.07463,2.70259,-0.99476,2.12071,0.21060,66.5,0.5396,70.814
922,-0.57144,2.38233,-0.57486,1.93107,0.05211,66.1,0.5633,104.761
923,0.23573,2.79911,-0.38995,2.14146,0.11683,73.0,0.3579,95.002
924,-0.00656,2.32759,0.73006,1.66240,-0.15757,52.8,0.8962,89.750
925,0.06275,2.41095,-0.09031,2.36293,0.03303,65.0,0.6304,69.759
926,-0.22496,2.24952,-0.25561,2.66738,0.02739,69.3,0.4625,97.701
927,0.11928,2.63416,0.29968,1.76895,-0.05567,68.0,0.4983,66.287
928,-0.15985,2.50201,0.12845,2.52730,-0.04470,69.5,0.4642,99.298
929,0.08430,2.32034,-0.06054,2.37141,0.02909,69.5,0.4800,86.542
930,-0.26852,2.21055,-0.43982,2.21090,0.07777,63.6,0.6558,90.843
931,0.05822,2.20725,0.16353,1.69512,-0.02233,60.3,0.7283,108.951
932,0.20118,2.32663,0.31627,2.00520,-0.04196,59.4,0.6442,91.295
933,0.00181,1.40812,-0.04717,0.95180,-0.00865,27.2,0.9904,96.467
934,-0.03668,1.26740,-0.06225,0.83683,0.00910,37.9,0.9646,96.491
935,0.02499,1.09365,-0.02123,0.64565,0.00180,39.6,0.9458,99.930
936,0.04167,1.23116,-0.03246,0.83756,-0.01193,27.4,1.0000,92.270
