deployment,instrument,n_int,pct_T_implausible,pct_T_dev_gt8,Tref,pct_tilt_gt30,p95_abs_pitch,p95_abs_roll,p99_abs_roll,head_drift,pct_batt_out,c_min,c_max,tilt_drift
LPL20231205-20240213,LPL-8M02_1,18396,0.00,0.00,17.03,0.00,0.25,0.55,0.55,0.1,0.00,1508.1,1512.6,-0.00
LPL20231205-20240213,LPL-8M02_2,18397,0.00,0.00,17.12,0.00,0.55,0.55,0.55,0.9,0.00,1509.6,1512.6,-0.40
LPL20231205-20240213,LPL-8M02_3,18397,0.00,0.00,14.98,0.00,0.55,0.15,0.25,0.0,0.00,1501.7,1509.6,0.02
LPL20231205-20240213,LPL-8M02_4,18397,0.00,0.00,15.83,0.00,0.55,0.25,0.25,0.1,0.00,1503.3,1509.6,0.05
LPL20231205-20240213,LPL-8M02_5,7176,0.00,0.00,15.48,0.00,6.85,6.25,6.25,0.1,0.00,1504.9,1508.1,-0.00
LPL20241211-20250221,LPL-8M02_1,18396,0.00,0.00,13.33,0.00,1.35,0.55,0.55,-6.2,0.00,1495.1,1505.0,-0.36
LPL20241211-20250221,LPL-8M02_2,18397,0.00,0.00,13.48,0.00,1.65,0.25,0.25,-0.1,0.00,1495.1,1505.0,0.01
LPL20241211-20250221,LPL-8M02_3,18397,0.00,0.00,13.48,0.00,1.55,0.25,0.25,-0.0,0.00,1496.8,1505.0,0.01
LPL20241211-20250221,LPL-8M02_4,18397,0.00,0.00,13.73,0.00,1.55,0.25,0.25,-0.1,0.00,1498.5,1505.0,-0.00
LPL20241211-20250221,LPL-8M02_5,9728,0.00,1.64,14.33,0.09,1.85,0.25,24.35,46.6,0.00,1500.2,1544.6,5.32
LPL20250305-20250601,LPL-8M02_1,18396,0.00,0.00,13.88,0.00,1.55,0.45,0.45,-0.2,0.00,1495.1,1506.7,0.04
LPL20250305-20250601,LPL-8M02_2,18397,0.00,0.00,13.53,0.00,1.65,0.55,0.55,-0.5,0.00,1493.4,1509.8,0.08
LPL20250305-20250601,LPL-8M02_3,18397,0.00,0.00,14.03,0.00,1.55,0.55,0.55,0.1,0.00,1495.1,1511.4,-0.00
LPL20250305-20250601,LPL-8M02_4,18397,0.00,0.00,16.58,0.00,1.55,0.55,0.55,-0.1,0.00,1501.8,1515.7,0.01
LPL20250305-20250601,LPL-8M02_5,18397,0.00,0.00,16.58,0.00,1.55,0.55,0.55,-0.0,0.00,1496.8,1520.1,0.00
LPL20250305-20250601,LPL-8M02_6,8973,0.00,0.00,18.73,0.00,1.55,0.55,0.55,-0.0,0.00,1503.5,1522.8,0.01
LPL20251208-20260225,LPL-8M02_1,18396,0.00,0.00,16.98,0.00,1.15,0.45,0.45,-0.2,0.00,1508.2,1514.3,0.29
LPL20251208-20260225,LPL-8M02_2,18397,0.00,0.00,17.28,0.00,1.15,0.65,0.65,-0.2,0.00,1509.8,1515.7,0.07
LPL20251208-20260225,LPL-8M02_3,18397,0.00,0.00,16.28,0.00,1.05,0.85,0.95,0.0,0.00,1508.2,1512.8,0.00
LPL20251208-20260225,LPL-8M02_4,18397,0.00,0.00,16.58,0.00,1.05,0.95,0.95,-0.1,0.00,1509.8,1514.3,0.09
LPL20251208-20260225,LPL-8M02_5,18397,0.00,0.00,16.78,0.00,0.95,1.15,1.15,-0.4,0.00,1505.0,1514.3,0.11
LPL20251208-20260225,LPL-8M02_6,673,0.00,0.00,14.93,0.00,22.85,24.65,24.85,-0.2,0.00,1500.2,1511.4,0.13
RechargeableBattTest,BATTST02,3216,0.00,0.00,22.77,100.00,40.35,154.55,154.55,2.5,0.00,1524.2,1537.9,0.02
RechargeableBattTest,BATTST03,3851,0.00,0.00,22.48,100.00,149.35,155.05,155.05,0.0,0.00,1524.2,1534.4,-0.02
20181127-20190301,IB-N02,108288,0.00,0.00,15.73,0.00,1.35,2.25,2.25,0.2,0.00,1500.2,1512.8,-0.00
20190301-20190423,IB-N02,61520,0.00,0.00,14.58,0.00,2.55,5.75,5.75,-1.4,0.00,1498.5,1514.3,3.54
20190422_IB_North,IB-N02,119304,0.00,0.00,15.58,0.00,1.35,2.25,2.25,0.0,0.00,1500.2,1512.8,-0.05
20181127-20190301,IB-S02,108288,0.00,0.00,15.68,0.00,0.55,1.85,1.85,-0.4,0.00,1500.2,1512.8,0.10
20190301-20190423,IB-S02,61531,0.00,0.00,14.53,0.00,0.55,1.85,1.85,-0.1,0.00,1498.5,1514.3,-0.01
20190422_IB_South,IB-S02,119304,0.00,0.00,15.58,0.00,0.55,1.85,1.85,-0.5,0.00,1500.2,1512.8,0.03
Cardiffbackbeach_Jan2016,V104901,4955,0.00,0.00,17.62,53.46,59.25,54.45,54.55,101.4,0.00,1492.7,1523.3,53.40
Cardiffbackbeach_Jan2016,V118101,1800,0.00,0.00,14.73,0.00,3.95,2.25,2.25,0.0,0.00,1497.8,1506.0,-0.02
Catalina_2021,CATISL02,10102,0.00,0.00,21.28,0.00,2.55,0.45,0.45,-2.9,19.56,1514.1,1526.6,0.01
Catalina_2021,CATISL03_1,18396,0.00,0.00,14.93,0.00,2.35,0.55,0.55,0.0,0.00,1500.1,1508.1,0.02
Catalina_2021,CATISL03_2,18397,0.00,0.00,14.88,0.00,2.35,0.55,0.55,0.2,0.00,1500.1,1506.5,-0.00
Catalina_2021,CATISL03_3,18397,0.00,0.00,14.62,0.00,2.35,0.55,0.55,-0.0,0.00,1500.1,1509.6,0.02
Catalina_2021,CATISL03_4,18397,0.00,0.00,16.08,0.00,2.55,0.25,0.25,-0.0,0.00,1498.4,1514.1,0.01
Catalina_2021,CATISL03_5,18397,0.00,0.00,16.48,0.00,2.55,0.25,0.25,-0.2,0.00,1498.4,1515.6,0.01
Catalina_2021,CATISL03_6,18397,0.00,0.00,17.38,0.00,2.55,0.25,0.25,-0.0,0.00,1501.7,1516.9,0.01
Catalina_2021,CATISL03_7,18397,0.00,0.00,16.43,0.00,2.55,0.25,0.25,0.0,0.00,1496.7,1514.1,-0.01
Catalina_2021,CATISL03_8,7763,0.00,0.00,16.43,0.00,2.55,0.25,0.25,-0.1,0.00,1503.3,1512.6,0.00
12414_MOP582-30m,TORREY12414_1,18396,0.00,0.00,13.38,0.00,1.35,0.25,0.25,0.0,0.00,1495.1,1506.5,-0.01
12414_MOP582-30m,TORREY12414_2,18397,0.00,0.00,14.18,0.00,4.05,2.25,2.35,0.1,0.00,1496.7,1506.5,1.53
12414_MOP582-30m,TORREY12414_3,18397,0.00,0.00,14.33,0.00,2.35,6.25,6.25,0.0,0.00,1496.7,1509.6,0.64
12414_MOP582-30m,TORREY12414_4,18397,0.00,0.00,14.28,0.00,2.25,6.25,6.25,-0.1,0.00,1496.7,1506.5,-0.10
12414_MOP582-30m,TORREY12414_5,18397,0.00,0.00,14.43,0.00,1.15,9.85,9.95,0.5,0.00,1498.4,1506.5,1.96
12414_MOP582-30m,TORREY12414_6,18397,0.00,0.00,14.12,0.00,2.15,10.35,10.45,0.0,0.00,1496.7,1506.5,0.48
12414_MOP582-30m,TORREY12414_7,18397,0.00,0.00,13.58,0.00,2.25,10.15,10.35,-0.0,0.00,1493.3,1506.5,-0.00
12414_MOP582-30m,TORREY12414_8,1667,0.00,1.02,16.23,0.00,2.75,10.35,10.35,211.0,0.00,1493.3,1531.6,-9.64
16310_MOP578_10m,TORREY16310_03_1,18396,0.00,0.00,16.48,2.37,0.55,1.35,26.85,-0.7,0.00,1493.3,1522.5,-0.19
16310_MOP578_10m,TORREY16310_03_2,10218,0.00,0.00,16.33,0.00,0.55,1.15,1.35,0.0,0.99,1501.7,1514.1,-0.01
16737_MOP579_6m,TORREY16737_1,18396,29.61,39.17,16.33,3.40,2.65,1.65,155.35,-2.7,1.19,1427.8,1562.4,1.27
16737_MOP579_6m,TORREY16737_2,18397,93.30,8.80,-6.97,0.00,2.25,1.35,1.65,0.2,0.85,1427.8,1562.4,-0.07
16737_MOP579_6m,TORREY16737_3,18397,97.15,21.11,40.98,0.00,16.15,6.85,7.05,22.6,79.99,1427.8,1562.4,-1.83
16737_MOP579_6m,TORREY16737_4,11712,100.00,0.00,40.98,0.00,5.75,1.55,1.55,-0.0,100.00,1562.4,1562.4,0.00
Cardiff_2021_MOP669_10m,CARDIF02_3,18397,0.00,0.00,15.88,0.00,1.75,0.65,0.85,0.1,0.00,1500.1,1525.2,-0.00
Cardiff_2021_MOP669_10m,CARDIF02_4,18397,0.00,0.00,14.62,0.00,1.75,0.65,0.65,0.1,0.00,1498.4,1516.9,0.02
2023Jan_LPL_DYE01_ADV,LPSDYE02,2921,0.00,4.76,15.03,33.76,26.35,31.15,38.25,-29.7,0.00,1498.5,1534.4,29.59
2023Jan_LPL_DYE01_ADV,LPSDYE03,3452,0.00,0.00,14.03,0.00,22.55,24.05,24.35,-264.2,0.00,1501.8,1524.2,22.08
TorreyPines2019-2020MOP582_10meter,TORREY02_1,5909,0.00,3.57,16.48,18.55,31.85,161.35,161.45,-26.0,0.00,1506.5,1554.6,-71.83
Solana20231115-20240128MOP651,5M_65102_1,18396,0.00,0.00,17.43,0.00,0.25,0.25,0.45,1.8,0.00,1511.1,1515.6,0.25
Solana20231115-20240128MOP651,5M_65102_2,18397,0.00,0.00,16.88,0.00,0.95,1.15,1.35,3.7,0.00,1508.1,1512.6,0.76
Solana20231115-20240128MOP651,5M_65102_3,18397,0.00,0.00,17.33,17.17,19.35,167.45,167.55,96.2,0.00,1511.1,1514.1,140.77
Solana20231115-20240128MOP651,5M_65102_4,18397,0.00,0.00,17.03,100.00,19.55,167.55,167.55,0.0,0.00,1509.6,1512.6,-0.05
Solana20231115-20240128MOP651,5M_65102_5,11357,0.00,0.00,16.43,100.00,19.55,167.55,167.55,0.0,0.00,1509.6,1509.6,-0.02
MOP651_7m16310,7M651_16310_1,18396,0.00,0.00,17.33,0.00,2.85,4.45,4.45,-0.5,0.00,1509.6,1515.6,0.24
MOP651_7m16310,7M651_16310_2,18397,0.00,0.00,16.88,0.00,3.25,4.75,4.95,-0.6,0.00,1508.1,1511.1,0.33
MOP651_7m16310,7M651_16310_3,18397,0.00,0.00,17.28,0.00,5.95,8.55,8.85,-8.1,0.00,1511.1,1512.6,3.65
MOP651_7m16310,7M651_16310_4,18397,0.00,0.00,15.18,0.00,5.95,8.95,9.15,-0.5,0.00,1503.3,1511.1,0.15
MOP651_7m16310,7M651_16310_5,1599,0.00,0.00,14.93,1.19,22.55,23.65,26.85,209.5,0.00,1495.1,1523.9,10.99
MOP654_7m17036,7M654_17036_1,18396,0.00,0.00,17.33,0.00,0.55,3.65,3.75,0.2,0.00,1509.6,1515.6,0.14
MOP654_7m17036,7M654_17036_2,18397,0.00,0.00,16.88,0.00,0.55,3.75,3.75,0.4,0.00,1508.1,1512.6,0.12
MOP654_7m17036,7M654_17036_3,18397,0.00,0.00,17.28,0.00,19.65,16.35,17.15,19.9,0.00,1511.1,1514.1,11.92
MOP654_7m17036,7M654_17036_4,18397,0.00,0.00,15.12,0.00,20.15,18.05,18.15,0.7,0.00,1503.3,1511.1,0.37
MOP654_7m17036,7M654_17036_5,1600,0.00,6.38,14.88,60.38,30.55,24.35,26.35,121.8,0.00,1495.1,1530.3,3.26
Solana20241204-20250220,MOP65403_1,18396,0.00,0.00,14.03,0.00,0.55,0.65,0.85,-0.5,0.00,1498.5,1508.2,0.11
Solana20241204-20250220,MOP65403_2,18397,0.00,0.00,13.98,0.00,5.75,1.05,1.15,-9.7,0.00,1498.5,1505.0,-0.85
Solana20241204-20250220,MOP65403_3,18397,0.00,0.00,13.78,0.00,4.55,0.55,0.55,-0.4,0.00,1498.5,1505.0,0.05
Solana20241204-20250220,MOP65403_4,18397,0.00,0.00,13.83,0.00,4.55,0.55,0.55,0.0,0.00,1500.2,1505.0,0.01
Solana20241204-20250220,MOP65403_5,1133,0.00,0.00,14.18,0.00,4.55,0.55,0.55,0.0,0.00,1501.8,1506.7,0.01
Solana20250305-20250517,7M65402_1,18396,0.00,0.00,14.18,0.00,2.55,1.85,1.85,-0.7,0.00,1496.7,1506.5,0.47
Solana20250305-20250517,7M65402_2,18397,0.00,0.00,14.33,0.00,2.25,1.85,1.85,-3.4,0.00,1491.6,1508.1,0.16
Solana20250305-20250517,7M65402_3,18397,0.00,0.00,14.43,0.00,0.15,1.85,2.05,-0.0,0.00,1495.1,1509.6,-0.02
Solana20250305-20250517,7M65402_4,18397,0.00,0.00,17.03,0.00,0.15,2.05,2.15,-0.3,0.00,1500.1,1514.1,0.19
Solana20250305-20250517,7M65402_5,10336,0.00,0.00,16.98,0.00,0.25,2.15,2.15,-0.1,0.00,1498.4,1516.9,-0.01
Solana20251205-20260225,7M65402_1,18396,0.00,0.00,17.18,0.00,1.15,1.05,1.05,0.2,0.00,1509.6,1512.6,0.31
Solana20251205-20260225,7M65402_2,18397,0.00,0.00,17.28,0.00,0.85,2.35,2.55,0.0,0.00,1509.6,1514.1,0.23
Solana20251205-20260225,7M65402_3,18397,0.00,0.00,16.18,0.00,0.25,2.55,2.55,0.1,0.00,1506.5,1511.1,0.06
Solana20251205-20260225,7M65402_4,18397,0.00,0.00,16.78,0.00,0.55,2.65,2.65,0.3,0.00,1508.1,1512.6,0.12
Solana20251205-20260225,7M65402_5,18397,0.00,0.00,16.78,0.00,0.85,3.25,3.25,-0.6,0.00,1506.5,1512.6,0.66
Solana20251205-20260225,7M65402_6,672,0.00,0.00,14.73,100.00,27.85,165.65,165.65,-0.4,0.00,1496.7,1509.6,-0.16
Solana20260225-20260508,7M_65402_1,18396,0.00,0.00,15.93,0.00,0.65,2.55,2.65,-0.0,0.00,1501.7,1511.1,-0.03
Solana20260225-20260508,7M_65402_2,18397,0.00,0.00,17.62,0.00,0.65,2.55,2.55,0.0,0.00,1506.5,1518.4,-0.03
Solana20260225-20260508,7M_65402_3,18397,0.00,0.00,18.28,0.00,0.65,2.55,2.55,0.1,0.00,1504.9,1519.8,-0.02
Solana20260225-20260508,7M_65402_4,18397,0.00,0.00,17.98,0.00,0.55,2.55,2.55,-0.1,0.00,1501.7,1518.4,0.02
Solana20260225-20260508,7M_65402_5,13073,0.00,3.56,17.62,20.96,40.85,157.05,161.05,33.8,0.00,1503.3,1559.5,154.41
SouthSIOPier20240328-20240530,6M-51102_1,18396,0.00,0.00,15.43,0.00,0.25,0.55,0.55,-0.4,0.00,1495.1,1512.6,-0.00
SouthSIOPier20240328-20240530,6M-51102_2,18397,0.00,0.00,16.33,0.00,0.25,0.55,0.55,0.1,0.00,1496.7,1514.1,-0.00
SouthSIOPier20240328-20240530,6M-51102_3,18397,0.00,0.00,17.73,0.00,0.25,0.55,0.55,-0.1,0.00,1493.3,1516.9,-0.01
SouthSIOPier20240328-20240530,6M-51102_4,18397,0.00,0.00,16.88,0.00,0.25,0.55,0.55,0.0,0.00,1491.6,1518.4,-0.04
SouthSIOPier20240328-20240530,6M-51102_5,633,0.00,2.53,17.78,3.16,22.55,23.15,26.75,-1.9,0.00,1511.1,1538.6,0.85
SouthSIOPier20240611-20240728,6M-51102_1,18396,0.00,0.00,17.58,0.00,0.25,0.55,0.55,-0.1,0.00,1493.3,1522.5,-0.00
SouthSIOPier20240611-20240728,6M-51102_2,18397,0.00,0.00,20.68,0.00,0.25,0.55,0.55,-0.0,0.00,1500.1,1529.0,0.01
SouthSIOPier20240611-20240728,6M-51102_3,17712,0.00,0.00,17.12,0.00,0.25,0.55,0.55,0.1,0.00,1496.7,1526.6,-0.03
SouthSIOPier20241024-20241231,6M_51102_1,18396,0.00,0.00,17.12,0.00,0.55,0.65,0.85,-0.2,0.00,1498.4,1518.4,-0.04
SouthSIOPier20241024-20241231,6M_51102_2,18397,0.00,0.00,15.58,0.00,0.65,0.65,0.85,-0.5,0.00,1495.1,1512.6,0.01
SouthSIOPier20241024-20241231,6M_51102_3,18397,0.00,0.00,14.83,0.00,0.65,0.65,0.65,0.0,0.00,1496.7,1509.6,-0.01
SouthSIOPier20241024-20241231,6M_51102_4,18397,0.00,0.00,13.68,0.01,0.65,0.65,0.85,-0.2,0.00,1495.1,1504.9,-0.01
SouthSIOPier20241024-20241231,6M_51102_5,3432,0.00,0.00,13.62,0.00,0.55,0.65,0.85,0.1,0.00,1495.1,1503.3,-0.03
SouthSIOPier20250123-20250329,6M-51102_1,18396,0.00,0.00,13.98,0.00,0.25,0.55,0.55,-0.0,0.00,1495.1,1504.9,-0.01
SouthSIOPier20250123-20250329,6M-51102_2,18397,0.00,0.00,14.78,0.00,0.45,0.55,0.65,-1.3,0.00,1496.7,1509.6,0.19
SouthSIOPier20250123-20250329,6M-51102_3,18397,0.00,0.00,14.88,0.00,0.45,0.65,0.85,-0.3,0.00,1493.3,1508.1,-0.06
SouthSIOPier20250123-20250329,6M-51102_4,18397,0.00,0.00,14.62,0.00,0.25,0.25,0.45,-0.0,0.00,1496.7,1509.6,0.02
SouthSIOPier20250123-20250329,6M-51102_5,1237,0.00,0.00,14.88,0.00,0.25,0.25,0.45,-0.1,0.00,1498.4,1506.5,-0.05
SouthSIOPier20250417-20250622,6M-51102_1,18396,0.00,0.00,16.38,0.00,0.15,0.45,0.45,0.0,0.00,1498.4,1512.6,0.01
SouthSIOPier20250417-20250622,6M-51102_2,18397,0.00,0.00,17.38,0.00,0.15,0.45,0.45,-0.0,0.00,1493.3,1518.4,0.01
SouthSIOPier20250417-20250622,6M-51102_3,18397,0.00,0.00,19.23,0.00,0.15,0.45,0.45,-0.1,0.00,1495.1,1522.5,0.02
SouthSIOPier20250417-20250622,6M-51102_4,18397,0.00,0.00,17.83,0.00,0.15,0.45,0.45,0.2,0.00,1498.4,1523.9,-0.02
SouthSIOPier20250417-20250622,6M-51102_5,2921,0.00,0.00,20.88,0.00,0.25,0.45,0.55,0.0,0.00,1512.6,1523.9,0.01
SouthSIOPier20250718-20250813,6M51102_1,18396,0.00,0.00,19.78,0.00,0.55,0.85,0.85,-0.0,0.00,1496.7,1526.6,-0.02
SouthSIOPier20250718-20250813,6M51102_2,11344,0.00,0.00,20.38,0.00,0.55,0.85,0.85,-0.0,0.00,1503.3,1527.8,0.01
SouthSIOPier20250904-20251126,6M-51102_1,18396,0.00,0.00,19.43,0.00,1.15,0.25,0.25,-0.2,0.00,1504.9,1529.0,-0.01
SouthSIOPier20250904-20251126,6M-51102_2,18397,0.00,0.00,17.58,0.00,1.15,0.25,0.25,0.1,0.00,1501.7,1521.1,-0.00
SouthSIOPier20250904-20251126,6M-51102_3,18397,0.00,0.00,16.83,0.00,1.15,0.25,0.25,0.1,0.00,1500.1,1519.8,-0.03
SouthSIOPier20250904-20251126,6M-51102_4,18397,0.00,0.00,18.53,0.00,1.15,0.25,0.25,0.0,0.00,1503.3,1519.8,-0.00
SouthSIOPier20250904-20251126,6M-51102_5,18397,0.00,0.00,18.43,0.00,1.15,0.25,0.25,-0.0,0.00,1508.1,1516.9,0.00
SouthSIOPier20250904-20251126,6M-51102_6,4048,0.00,0.00,17.62,26.33,157.65,152.85,165.85,151.4,0.00,1495.1,1530.3,152.39
SouthSIOPier20251208-20260225,6M-51103_1,18396,0.00,0.00,17.48,0.00,0.45,0.65,0.65,-0.0,0.00,1506.5,1514.1,0.00
SouthSIOPier20251208-20260225,6M-51103_2,18397,0.00,0.00,17.12,0.00,0.45,0.65,0.65,0.0,0.00,1508.1,1512.6,-0.00
SouthSIOPier20251208-20260225,6M-51103_3,18397,0.00,0.00,17.12,0.00,0.45,0.65,0.65,-0.0,0.00,1506.5,1512.6,0.01
SouthSIOPier20251208-20260225,6M-51103_4,18397,0.00,0.00,16.58,0.00,0.45,0.65,0.65,0.0,0.00,1503.3,1511.1,-0.00
SouthSIOPier20251208-20260225,6M-51103_5,18397,0.00,0.00,17.03,0.00,0.45,0.65,0.65,-0.0,0.00,1506.5,1514.1,0.01
SouthSIOPier20251208-20260225,6M-51103_6,15463,0.00,0.00,16.58,0.00,0.45,0.65,0.85,-0.0,0.00,1500.1,1514.1,-0.00
MOP580-5m16739,5m_16739_MOP580_1,18396,0.00,0.00,17.03,0.00,0.65,2.15,2.25,0.4,0.00,1501.7,1515.6,-0.00
MOP580-5m16739,5m_16739_MOP580_2,18397,0.00,0.00,17.88,0.00,0.55,2.15,2.25,-0.0,0.00,1503.3,1516.9,0.01
MOP580-5m16739,5m_16739_MOP580_3,18397,0.00,0.00,16.33,0.00,0.55,2.15,2.25,-0.0,0.00,1500.1,1514.1,0.01
MOP580-5m16739,5m_16739_MOP580_4,18397,0.00,0.00,17.43,0.00,0.55,2.15,2.25,-0.0,0.00,1500.1,1521.1,0.01
MOP580-5m16739,5m_16739_MOP580_5,7440,0.00,0.00,19.03,0.00,0.55,2.25,2.25,0.1,0.00,1508.1,1521.1,0.00
MOP580-7m58002,7M_58002_MOP580_1,18396,0.00,0.00,17.33,0.00,1.15,0.25,0.25,0.1,0.00,1500.1,1515.6,0.05
MOP580-7m58002,7M_58002_MOP580_2,18397,0.00,0.00,15.83,0.00,1.15,0.25,0.25,-0.0,0.00,1498.4,1514.1,0.04
MOP580-7m58002,7M_58002_MOP580_3,18397,0.00,0.00,15.88,0.00,1.15,0.25,0.25,0.1,0.00,1498.4,1521.1,0.01
MOP580-7m58002,7M_58002_MOP580_4,17896,0.00,0.00,18.28,0.00,1.05,0.25,0.25,0.3,0.00,1501.7,1525.2,0.01
MOP586-5m17042,5M_58602_MOP586_1,18396,0.00,0.00,17.68,0.00,0.25,3.95,3.95,0.2,0.00,1501.7,1516.9,-0.00
MOP586-5m17042,5M_58602_MOP586_2,18397,0.00,0.00,16.53,0.00,0.25,3.95,3.95,-0.0,0.00,1500.1,1514.1,-0.01
MOP586-5m17042,5M_58602_MOP586_3,18397,0.00,0.00,17.23,0.00,0.25,3.95,3.95,0.1,0.00,1500.1,1521.1,0.02
MOP586-5m17042,5M_58602_MOP586_4,18397,0.00,0.00,19.28,0.00,0.45,3.95,4.05,0.2,0.00,1503.3,1525.2,0.04
MOP586-5m17042,5M_58602_MOP586_5,6705,0.00,0.00,18.78,0.00,0.45,3.95,4.05,0.2,0.00,1504.9,1523.9,0.02
MOP586-7m58602,7M_58602_MOP586_1,18396,0.00,0.00,17.33,0.00,0.55,2.35,2.55,-0.1,0.00,1500.1,1515.6,0.05
MOP586-7m58602,7M_58602_MOP586_2,18397,0.00,0.00,15.83,0.00,0.65,2.55,2.55,-0.0,0.00,1500.1,1512.6,0.01
MOP586-7m58602,7M_58602_MOP586_3,18397,0.00,0.00,15.88,0.00,0.65,2.55,2.55,-0.0,0.00,1498.4,1519.8,0.00
MOP586-7m58602,7M_58602_MOP586_4,18397,0.00,0.00,18.33,0.00,0.65,2.55,2.55,-0.2,0.00,1501.7,1523.9,0.02
MOP586-7m58602,7M_58602_MOP586_5,3720,0.00,0.00,16.62,0.00,0.85,2.55,2.55,-0.2,0.00,1501.7,1522.5,0.00
MOP580_7m17042,7M580_17042_1,18396,0.00,0.00,17.33,0.00,0.25,0.85,0.95,-0.1,0.00,1509.6,1514.1,-0.08
MOP580_7m17042,7M580_17042_2,18397,0.00,0.00,16.93,0.00,0.55,0.65,0.85,-0.4,0.00,1508.1,1512.6,-0.07
MOP580_7m17042,7M580_17042_3,18397,0.00,0.00,17.18,0.55,14.35,20.15,23.55,25.5,0.00,1509.6,1512.6,20.32
MOP580_7m17042,7M580_17042_4,18397,0.00,0.00,15.28,100.00,15.35,33.85,34.25,2.3,0.00,1501.7,1511.1,0.10
MOP580_7m17042,7M580_17042_5,2754,0.00,0.00,14.93,100.00,157.65,166.15,166.35,26.5,0.00,1496.7,1514.1,132.45
MOP580-5m17047,TORREY02_1,18396,0.00,0.00,17.38,0.00,0.65,0.25,0.45,-0.4,0.00,1509.6,1515.6,-0.10
MOP580-5m17047,TORREY02_2,18397,0.00,0.00,16.98,0.00,0.65,0.25,0.25,-2.0,0.00,1508.1,1512.6,0.08
MOP580-5m17047,TORREY02_3,18397,0.00,0.00,17.18,0.00,1.05,0.55,0.55,-0.7,0.00,1509.6,1512.6,0.28
MOP580-5m17047,TORREY02_4,18397,0.00,0.00,16.83,0.00,1.15,0.55,0.55,0.0,0.00,1509.6,1511.1,-0.01
MOP580-5m17047,TORREY02_5,6352,0.00,0.00,16.12,0.00,1.35,0.55,0.55,0.2,0.00,1508.1,1508.1,0.00
MOP586_10m16306,10M586_16306,75839,31.45,33.79,16.88,0.00,7.95,1.15,1.35,0.4,7.33,1427.8,1562.4,1.06
MOP586-7m16739,7M_58602_1,18396,0.00,0.00,17.38,0.00,1.75,0.25,0.25,-0.2,0.00,1509.6,1515.6,0.05
MOP586-7m16739,7M_58602_2,18397,0.00,0.00,16.98,0.00,1.65,0.25,0.45,-0.4,0.00,1508.1,1512.6,0.08
MOP586-7m16739,7M_58602_3,18397,0.00,0.00,17.23,0.00,1.35,0.45,0.45,2.2,0.00,1508.1,1512.6,-0.08
MOP586-7m16739,7M_58602_4,18397,0.00,0.00,15.38,0.00,0.95,0.25,0.25,-0.1,0.00,1501.7,1511.1,-0.00
MOP586-7m16739,7M_58602_5,8279,0.00,0.00,15.23,0.00,1.15,0.25,0.25,0.1,0.00,1501.7,1506.5,-0.01
MOP586-15m15277,15M58602_1,18396,0.00,0.00,17.08,0.00,1.35,0.15,0.25,-0.1,0.00,1508.1,1514.1,0.02
MOP586-15m15277,15M58602_2,18397,0.00,0.00,16.98,0.00,1.35,0.25,0.25,0.1,0.00,1508.1,1511.1,-0.01
MOP586-15m15277,15M58602_3,18397,0.00,0.00,17.23,0.00,1.35,0.25,0.25,-1.4,0.00,1508.1,1512.6,0.10
MOP586-15m15277,15M58602_4,18397,0.00,0.00,15.28,0.00,1.15,0.25,0.25,-0.1,0.00,1500.1,1511.1,0.01
MOP586-15m15277,15M58602_5,904,0.00,0.00,14.53,0.00,1.15,0.25,0.25,0.0,0.00,1501.7,1504.9,0.00
MOP586-5m17043,5M_58602_1,18396,0.00,0.00,17.38,0.00,0.55,0.25,0.25,0.2,0.00,1509.6,1515.6,0.12
MOP586-5m17043,5M_58602_2,18397,0.00,0.00,16.98,0.00,1.15,0.55,0.65,-1.3,0.00,1506.5,1512.6,0.27
MOP586-5m17043,5M_58602_3,18397,0.00,0.00,17.23,0.00,1.55,0.65,0.85,0.2,0.00,1509.6,1512.6,-0.43
MOP586-5m17043,5M_58602_4,18397,0.00,0.00,15.62,0.00,1.55,0.25,0.25,0.1,0.00,1503.3,1511.1,-0.03
MOP586-5m17043,5M_58602_5,542,0.00,0.00,14.83,0.00,1.65,0.25,0.25,-0.1,0.00,1503.3,1504.9,-0.01
MOP580-7m17042,7M_58002_1,18396,0.00,0.00,16.48,0.00,2.25,2.85,2.85,-0.0,0.00,1503.3,1512.6,0.07
MOP580-7m17042,7M_58002_2,18397,0.00,0.00,15.88,0.00,2.25,3.05,3.05,-0.2,0.00,1498.4,1512.6,0.11
MOP580-7m17042,7M_58002_3,18397,0.00,0.00,15.38,0.00,2.25,3.15,3.15,-0.1,0.00,1498.4,1511.1,0.04
MOP580-7m17042,7M_58002_4,18397,0.00,0.00,15.98,0.00,2.25,3.15,3.15,0.0,0.00,1495.1,1515.6,0.04
MOP580-7m17042,7M_58002_5,9045,0.00,0.00,17.48,0.00,2.35,3.15,3.15,0.2,0.00,1495.1,1515.6,-0.00
MOP586-10m15033,10M58602_1,18396,0.00,0.00,16.12,0.00,0.25,1.35,1.35,-0.1,0.00,1501.7,1511.1,0.04
MOP586-10m15033,10M58602_2,18397,0.00,0.00,15.48,0.00,0.25,1.35,1.35,0.1,0.00,1496.7,1512.6,0.04
MOP586-10m15033,10M58602_3,18397,0.00,0.00,15.08,0.00,0.25,1.35,1.35,-0.0,0.00,1496.7,1509.6,-0.00
MOP586-10m15033,10M58602_4,18397,0.00,0.00,14.78,0.00,0.25,1.35,1.35,0.1,0.00,1493.3,1514.1,0.02
MOP586-10m15033,10M58602_5,4392,0.00,0.00,17.38,0.00,0.15,1.35,1.35,0.2,0.00,1498.4,1515.6,-0.02
MOP586-15m15277,15M58602_1,18396,0.00,0.00,15.28,0.00,0.55,0.25,0.25,-0.1,0.00,1496.7,1509.6,-0.04
MOP586-15m15277,15M58602_2,18397,0.00,0.00,14.18,0.00,0.55,0.25,0.25,-0.0,0.00,1495.1,1509.6,-0.02
MOP586-15m15277,15M58602_3,18397,0.00,0.00,14.23,0.00,0.55,0.25,0.25,-0.0,0.00,1493.3,1508.1,-0.01
MOP586-15m15277,15M58602_4,18397,0.00,0.00,12.78,0.00,0.55,0.15,0.25,-0.0,0.00,1491.6,1512.6,-0.00
MOP586-15m15277,15M58602_5,1288,0.00,0.00,13.18,0.00,0.55,0.15,0.25,0.0,0.00,1493.3,1509.6,0.01
MOP586-5m16737,5M_58602_1,18396,0.00,0.00,16.62,0.00,4.55,0.25,0.25,0.1,0.00,1504.9,1512.6,0.12
MOP586-5m16737,5M_58602_2,18397,0.00,0.00,16.28,0.00,4.75,0.45,0.65,-0.9,0.00,1500.1,1514.1,0.08
MOP586-5m16737,5M_58602_3,18397,0.00,0.00,15.78,0.00,5.25,0.25,0.45,-0.7,0.00,1501.7,1511.1,0.12
MOP586-5m16737,5M_58602_4,18397,0.00,0.00,16.83,0.00,5.45,0.55,0.85,-0.4,0.00,1498.4,1515.6,0.34
MOP586-5m16737,5M_58602_5,4704,0.00,0.00,18.28,0.00,1.85,11.05,11.15,1.6,0.00,1508.1,1516.9,0.11
MOP586-7m16739,7M_58602_1,18396,0.00,0.00,16.43,0.00,0.55,1.35,1.35,-0.2,0.00,1503.3,1512.6,-0.03
MOP586-7m16739,7M_58602_2,18397,0.00,0.00,15.93,0.00,0.55,1.35,1.35,0.1,0.00,1496.7,1514.1,-0.01
MOP586-7m16739,7M_58602_3,18397,0.00,0.00,15.43,0.00,0.55,1.35,1.35,0.0,0.00,1498.4,1511.1,0.01
MOP586-7m16739,7M_58602_4,18397,0.00,0.00,15.93,0.00,3.05,24.85,24.85,-0.1,0.00,1495.1,1515.6,0.09
MOP586-7m16739,7M_58602_5,5773,0.00,0.00,17.88,0.00,3.05,24.85,24.85,0.0,0.00,1495.1,1516.9,0.01
MOP586-10m16737,10M58602_1,18396,0.00,0.00,14.18,0.00,4.75,0.55,0.55,-0.0,0.00,1496.7,1508.1,-0.01
MOP586-10m16737,10M58602_2,18397,0.00,0.00,13.38,0.00,4.95,0.55,0.55,0.0,0.00,1495.1,1504.9,-0.04
MOP586-10m16737,10M58602_3,18397,0.00,0.00,13.58,0.00,4.95,0.55,0.55,0.1,0.00,1495.1,1503.3,0.01
MOP586-10m16737,10M58602_4,18397,0.00,0.00,13.68,0.00,5.05,0.55,0.55,0.1,0.00,1495.1,1503.3,0.01
MOP586-10m16737,10M58602_5,4329,0.00,0.00,14.12,0.00,5.05,0.55,0.65,0.1,0.00,1500.1,1503.3,0.02
MOP586-15m16737,15M58602_1,18396,0.00,0.00,13.12,0.00,0.95,0.25,0.25,-0.1,0.00,1495.1,1506.5,-0.01
MOP586-15m16737,15M58602_2,18397,0.00,0.00,12.78,0.00,0.95,0.25,0.25,-0.1,0.00,1493.3,1503.3,-0.04
MOP586-15m16737,15M58602_3,18397,0.00,0.00,12.83,0.00,0.95,0.25,0.25,-0.0,0.00,1493.3,1501.7,-0.01
MOP586-15m16737,15M58602_4,18397,0.00,0.00,13.38,0.00,0.95,0.25,0.25,0.1,0.00,1495.1,1503.3,-0.01
MOP586-15m16737,15M58602_5,2840,0.00,0.00,13.88,0.00,0.85,0.25,0.25,0.1,0.00,1500.1,1501.7,0.00
MOP586-5m16739,5M_58602_1,18396,0.00,0.00,14.83,0.00,0.15,0.25,0.25,-0.4,0.00,1496.7,1508.1,0.04
MOP586-5m16739,5M_58602_2,18397,0.00,0.00,13.83,0.00,2.05,0.65,0.85,-5.4,0.00,1495.1,1504.9,0.37
MOP586-5m16739,5M_58602_3,18397,0.00,0.00,14.08,0.00,2.25,0.65,0.65,-0.2,0.00,1496.7,1503.3,0.01
MOP586-5m16739,5M_58602_4,18397,0.00,0.00,13.78,0.00,2.25,0.65,0.65,0.0,0.00,1496.7,1503.3,0.01
MOP586-5m16739,5M_58602_5,5531,0.00,0.00,14.28,0.00,2.25,0.65,0.65,0.1,0.00,1500.1,1504.9,0.00
MOP586-7m16310,7M_58602_1,18396,0.00,0.00,14.58,0.00,0.95,0.25,0.25,0.2,0.00,1496.7,1508.1,-0.06
MOP586-7m16310,7M_58602_2,18397,0.00,0.00,13.62,0.00,0.95,0.25,0.25,1.9,0.00,1495.1,1504.9,0.09
MOP586-7m16310,7M_58602_3,18397,0.00,0.00,13.83,0.00,0.25,0.25,0.25,-0.0,0.00,1495.1,1503.3,0.00
MOP586-7m16310,7M_58602_4,18397,0.00,0.00,13.78,0.00,0.25,0.25,0.25,0.0,0.00,1496.7,1503.3,-0.00
MOP586-7m16310,7M_58602_5,8309,0.00,0.00,14.08,0.00,0.25,0.25,0.25,0.0,0.00,1498.4,1504.9,0.01
MOP586-10m16737,10M58603_1,18396,0.00,0.00,14.12,0.00,4.45,1.85,1.85,-0.0,0.00,1493.3,1506.5,0.03
MOP586-10m16737,10M58603_2,18397,0.00,0.00,13.12,0.00,4.45,1.85,1.85,-0.1,0.00,1491.6,1508.1,0.02
MOP586-10m16737,10M58603_3,18397,0.00,0.00,13.58,0.00,4.45,1.85,1.85,0.0,0.00,1493.3,1509.6,0.00
MOP586-10m16737,10M58603_4,18397,0.00,0.00,16.53,0.00,4.45,1.85,1.85,-0.1,0.00,1500.1,1514.1,-0.01
MOP586-10m16737,10M58603_5,4180,0.00,0.00,15.12,0.00,4.45,1.85,1.85,-0.1,0.00,1500.1,1511.1,-0.02
MOP586-15m17047,15M58603_1,18396,0.00,0.00,13.53,0.00,1.15,0.25,0.25,-0.0,0.00,1493.3,1504.9,-0.01
MOP586-15m17047,15M58603_2,18397,0.00,0.00,11.93,0.00,1.15,0.25,0.25,-0.1,0.00,1489.7,1504.9,0.00
MOP586-15m17047,15M58603_3,18397,0.00,0.00,12.33,0.00,1.15,0.25,0.25,-0.0,0.00,1491.6,1504.9,-0.01
MOP586-15m17047,15M58603_4,18397,0.00,0.00,15.08,0.00,1.15,0.25,0.25,0.1,0.00,1496.7,1512.6,0.01
MOP586-15m17047,15M58603_5,3633,0.00,0.00,13.43,0.00,1.05,0.25,0.25,0.1,0.00,1496.7,1504.9,0.01
Torrey20250326-20250601,5M_58602_1,18396,0.00,0.00,13.88,0.00,1.85,0.65,0.65,-0.0,0.00,1493.3,1509.6,-0.03
Torrey20250326-20250601,5M_58602_2,18397,0.00,0.00,15.62,0.00,1.85,0.65,0.65,-0.0,0.00,1496.7,1512.6,0.02
Torrey20250326-20250601,5M_58602_3,18397,0.00,0.00,17.28,0.00,1.85,0.85,0.85,-0.0,0.00,1503.3,1515.6,0.00
Torrey20250326-20250601,5M_58602_4,18397,0.00,0.00,18.73,0.00,1.85,0.85,0.85,0.2,0.00,1500.1,1522.5,0.03
Torrey20250326-20250601,5M_58602_5,3410,0.00,0.00,18.98,0.00,1.85,0.85,0.85,0.2,0.00,1506.5,1519.8,-0.04
